# Years remaining on every contract on the 2026-27 books, per player.
# Source: spotrac.com/nba/<team>/yearly (canonical, and current --
#   BBRef's contract tables still show pre-2026-offseason deals).
# years_left counts seasons from 2026-27 forward that still owe money;
#   last_year_type is what the FINAL of those seasons is, so a label
#   reads '2' for two guaranteed years and '1+TO' for one guaranteed
#   year followed by a team option.
# seasons: per-year detail -- G guaranteed, T team option, P player option,
#   M mutual option, W two-way.
team,player,years_left,last_year_type,end_season,seasons,spotrac_player
ATL,Dyson Daniels,4,guaranteed,2029-30,2026:G|2027:G|2028:G|2029:G,Dyson Daniels
ATL,Henri Veesaar,4,team_option,2029-30,2026:G|2027:G|2028:G|2029:T,Henri Veesaar
ATL,Jalen Johnson,4,guaranteed,2029-30,2026:G|2027:G|2028:G|2029:G,Jalen Johnson
ATL,Kingston Flemings,4,team_option,2029-30,2026:G|2027:G|2028:T|2029:T,Kingston Flemings
ATL,Zuby Ejiofor,4,team_option,2029-30,2026:G|2027:G|2028:T|2029:T,Zuby Ejiofor
ATL,Aaron Wiggins,3,team_option,2028-29,2026:G|2027:G|2028:T,Aaron Wiggins
ATL,Asa Newell,3,team_option,2028-29,2026:G|2027:T|2028:T,Asa Newell
ATL,Corey Kispert,3,team_option,2028-29,2026:G|2027:G|2028:T,Corey Kispert
ATL,Nickeil Alexander-Walker,3,player_option,2028-29,2026:G|2027:G|2028:P,Nickeil Alexander-Walker
ATL,Buddy Hield,2,player_option,2027-28,2026:G|2027:P,Buddy Hield
ATL,Devin Carter,2,team_option,2027-28,2026:G|2027:T,Devin Carter
ATL,Onyeka Okongwu,2,guaranteed,2027-28,2026:G|2027:G,Onyeka Okongwu
ATL,C.J. McCollum,1,guaranteed,2026-27,2026:G,C.J. McCollum
ATL,Jalen Wilson,1,two_way,2026-27,2026:W,Jalen Wilson
ATL,Jock Landale,1,guaranteed,2026-27,2026:G,Jock Landale
ATL,Keshon Gilbert,1,two_way,2026-27,2026:W,Keshon Gilbert
ATL,Luguentz Dort,1,guaranteed,2026-27,2026:G,Luguentz Dort
ATL,Mouhamed Gueye,1,guaranteed,2026-27,2026:G,Mouhamed Gueye
ATL,RayJ Dennis,1,two_way,2026-27,2026:W,RayJ Dennis
ATL,Ryan Nembhard,1,guaranteed,2026-27,2026:G,Ryan Nembhard
BKN,Joshua Jefferson,4,team_option,2029-30,2026:G|2027:G|2028:T|2029:T,Joshua Jefferson
BKN,Mikel Brown Jr.,4,team_option,2029-30,2026:G|2027:G|2028:T|2029:T,Mikel Brown Jr.
BKN,Ben Saraf,3,guaranteed,2028-29,2026:G|2027:T|2028:G,Ben Saraf
BKN,Danny Wolf,3,team_option,2028-29,2026:G|2027:T|2028:T,Danny Wolf
BKN,Drake Powell,3,team_option,2028-29,2026:G|2027:T|2028:T,Drake Powell
BKN,Egor Demin,3,team_option,2028-29,2026:G|2027:T|2028:T,Egor Demin
BKN,Nolan Traore,3,team_option,2028-29,2026:G|2027:T|2028:T,Nolan Traore
BKN,Day'Ron Sharpe,2,team_option,2027-28,2026:G|2027:T,Day'Ron Sharpe
BKN,Josh Minott,2,team_option,2027-28,2026:G|2027:T,Josh Minott
BKN,Julius Randle,2,player_option,2027-28,2026:G|2027:P,Julius Randle
BKN,Keon Ellis,2,mutual_option,2027-28,2026:G|2027:M,Keon Ellis
BKN,Terance Mann,2,guaranteed,2027-28,2026:G|2027:G,Terance Mann
BKN,Chaney Johnson,1,two_way,2026-27,2026:W,Chaney Johnson
BKN,Michael Porter Jr.,1,guaranteed,2026-27,2026:G,Michael Porter Jr.
BKN,Noah Clowney,1,guaranteed,2026-27,2026:G,Noah Clowney
BKN,Tyler Bilodeau,1,two_way,2026-27,2026:W,Tyler Bilodeau
BOS,Neemias Queta,5,guaranteed,2030-31,2026:G|2027:G|2028:G|2029:G|2030:G,Neemias Queta
BOS,Chris Cenac Jr.,4,team_option,2029-30,2026:G|2027:G|2028:G|2029:T,Chris Cenac Jr.
BOS,Jayson Tatum,4,player_option,2029-30,2026:G|2027:G|2028:G|2029:P,Jayson Tatum
BOS,Jordan Walsh,4,team_option,2029-30,2026:G|2027:G|2028:G|2029:T,Jordan Walsh
BOS,Ron Harper Jr.,4,team_option,2029-30,2026:G|2027:G|2028:G|2029:T,Ron Harper Jr.
BOS,Derrick White,3,player_option,2028-29,2026:G|2027:G|2028:P,Derrick White
BOS,Hugo Gonzalez,3,team_option,2028-29,2026:G|2027:T|2028:T,Hugo Gonzalez
BOS,Mitchell Robinson,3,player_option,2028-29,2026:G|2027:G|2028:P,Mitchell Robinson
BOS,Sam Hauser,3,guaranteed,2028-29,2026:G|2027:G|2028:G,Sam Hauser
BOS,Baylor Scheierman,2,team_option,2027-28,2026:G|2027:T,Baylor Scheierman
BOS,Paul George,2,player_option,2027-28,2026:G|2027:P,Paul George
BOS,Payton Pritchard,2,guaranteed,2027-28,2026:G|2027:G,Payton Pritchard
BOS,Amari Williams,1,two_way,2026-27,2026:W,Amari Williams
BOS,Luka Garza,1,guaranteed,2026-27,2026:G,Luka Garza
BOS,Mike Conley,1,guaranteed,2026-27,2026:G,Mike Conley
BOS,Milos Uzan,1,guaranteed,2026-27,2026:G,Milos Uzan
BOS,Tucker DeVries,1,guaranteed,2026-27,2026:G,Tucker DeVries
CHA,Christian Anderson,4,guaranteed,2029-30,2026:G|2027:G|2028:T|2029:G,Christian Anderson
CHA,Hannes Steinbach,4,team_option,2029-30,2026:G|2027:G|2028:T|2029:T,Hannes Steinbach
CHA,Naz Reid,4,player_option,2029-30,2026:G|2027:G|2028:G|2029:P,Naz Reid
CHA,Coby White,3,guaranteed,2028-29,2026:G|2027:G|2028:G,Coby White
CHA,Dorian Finney-Smith,3,player_option,2028-29,2026:G|2027:G|2028:P,Dorian Finney-Smith
CHA,Kon Knueppel,3,team_option,2028-29,2026:G|2027:T|2028:T,Kon Knueppel
CHA,Liam McNeeley,3,team_option,2028-29,2026:G|2027:T|2028:T,Liam McNeeley
CHA,Ryan Kalkbrenner,3,team_option,2028-29,2026:G|2027:G|2028:T,Ryan Kalkbrenner
CHA,Sion James,3,team_option,2028-29,2026:G|2027:G|2028:T,Sion James
CHA,Grayson Allen,2,player_option,2027-28,2026:G|2027:P,Grayson Allen
CHA,Kylan Boswell,2,two_way,2027-28,2026:W|2027:W,Kylan Boswell
CHA,Michael Ajayi,2,two_way,2027-28,2026:W|2027:W,Michael Ajayi
CHA,Royce O'Neale,2,guaranteed,2027-28,2026:G|2027:G,Royce O'Neale
CHA,Tidjane Salaun,2,team_option,2027-28,2026:G|2027:T,Tidjane Salaun
CHA,Tre Mann,2,team_option,2027-28,2026:G|2027:T,Tre Mann
CHA,Brandon Miller,1,guaranteed,2026-27,2026:G,Brandon Miller
CHA,Grant Williams,1,guaranteed,2026-27,2026:G,Grant Williams
CHA,Mouhamadou Gueye,1,guaranteed,2026-27,2026:G,Mouhamadou Gueye
CHA,Moussa Diabate,1,guaranteed,2026-27,2026:G,Moussa Diabate
CHA,P.J. Hall,1,two_way,2026-27,2026:W,P.J. Hall
CHA,Pat Connaughton,1,guaranteed,2026-27,2026:G,Pat Connaughton
CHI,Caleb Wilson,4,team_option,2029-30,2026:G|2027:G|2028:T|2029:T,Caleb Wilson
CHI,Dailyn Swain,4,team_option,2029-30,2026:G|2027:G|2028:T|2029:T,Dailyn Swain
CHI,Josh Giddey,3,guaranteed,2028-29,2026:G|2027:G|2028:G,Josh Giddey
CHI,Noa Essengue,3,team_option,2028-29,2026:G|2027:G|2028:T,Noa Essengue
CHI,Patrick Williams,3,player_option,2028-29,2026:G|2027:G|2028:P,Patrick Williams
CHI,Matas Buzelis,2,team_option,2027-28,2026:G|2027:T,Matas Buzelis
CHI,Nicolas Claxton,2,guaranteed,2027-28,2026:G|2027:G,Nicolas Claxton
CHI,Norman Powell,2,team_option,2027-28,2026:G|2027:T,Norman Powell
CHI,Rob Dillingham,2,team_option,2027-28,2026:G|2027:T,Rob Dillingham
CHI,Tre Jones,2,team_option,2027-28,2026:G|2027:T,Tre Jones
CHI,Zach Collins,2,team_option,2027-28,2026:G|2027:T,Zach Collins
CHI,Isaac Okoro,1,guaranteed,2026-27,2026:G,Isaac Okoro
CHI,Jalen Smith,1,guaranteed,2026-27,2026:G,Jalen Smith
CHI,Jaylin Sellers,1,two_way,2026-27,2026:W,Jaylin Sellers
CHI,Leonard Miller,1,guaranteed,2026-27,2026:G,Leonard Miller
CHI,Tobe Awaka,1,two_way,2026-27,2026:W,Tobe Awaka
CLE,Donovan Mitchell,5,player_option,2030-31,2026:G|2027:G|2028:G|2029:G|2030:P,Donovan Mitchell
CLE,Evan Mobley,4,guaranteed,2029-30,2026:G|2027:G|2028:G|2029:G,Evan Mobley
CLE,Meleek Thomas,4,team_option,2029-30,2026:G|2027:G|2028:G|2029:T,Meleek Thomas
CLE,Jarrett Allen,3,guaranteed,2028-29,2026:G|2027:G|2028:G,Jarrett Allen
CLE,Sam Merrill,3,guaranteed,2028-29,2026:G|2027:G|2028:G,Sam Merrill
CLE,Tyrese Proctor,3,team_option,2028-29,2026:G|2027:G|2028:T,Tyrese Proctor
CLE,Dennis Schröder,2,guaranteed,2027-28,2026:G|2027:G,Dennis Schröder
CLE,Jaylon Tyson,2,team_option,2027-28,2026:G|2027:T,Jaylon Tyson
CLE,Craig Porter Jr.,1,guaranteed,2026-27,2026:G,Craig Porter Jr.
CLE,Ernest Udeh Jr.,1,two_way,2026-27,2026:W,Ernest Udeh Jr.
CLE,Max Strus,1,guaranteed,2026-27,2026:G,Max Strus
CLE,Nae'qwan Tomlin,1,guaranteed,2026-27,2026:G,Nae'qwan Tomlin
CLE,Riley Minix,1,two_way,2026-27,2026:W,Riley Minix
CLE,Thomas Bryant,1,guaranteed,2026-27,2026:G,Thomas Bryant
CLE,Tristan Enaruna,1,two_way,2026-27,2026:W,Tristan Enaruna
DAL,Morez Johnson Jr.,4,team_option,2029-30,2026:G|2027:G|2028:T|2029:T,Morez Johnson Jr.
DAL,PJ Washington,4,guaranteed,2029-30,2026:G|2027:G|2028:G|2029:G,PJ Washington
DAL,Sergio de Larrea,4,team_option,2029-30,2026:G|2027:G|2028:T|2029:T,Sergio de Larrea
DAL,Cooper Flagg,3,team_option,2028-29,2026:G|2027:T|2028:T,Cooper Flagg
DAL,Daniel Gafford,3,guaranteed,2028-29,2026:G|2027:G|2028:G,Daniel Gafford
DAL,Caleb Martin,2,player_option,2027-28,2026:G|2027:P,Caleb Martin
DAL,Kyrie Irving,2,player_option,2027-28,2026:G|2027:P,Kyrie Irving
DAL,Max Christie,2,player_option,2027-28,2026:G|2027:P,Max Christie
DAL,Moussa Cisse,2,guaranteed,2027-28,2026:G|2027:G,Moussa Cisse
DAL,Santi Aldama,2,team_option,2027-28,2026:G|2027:T,Santi Aldama
DAL,Tarik Biberovic,2,team_option,2027-28,2026:G|2027:T,Tarik Biberovic
DAL,Zaccharie Risacher,2,team_option,2027-28,2026:G|2027:T,Zaccharie Risacher
DAL,Dereck Lively II,1,guaranteed,2026-27,2026:G,Dereck Lively II
DAL,Jett Howard,1,two_way,2026-27,2026:W,Jett Howard
DAL,John Poulakidas,1,two_way,2026-27,2026:W,John Poulakidas
DAL,Klay Thompson,1,guaranteed,2026-27,2026:G,Klay Thompson
DAL,Marcus Sasser,1,guaranteed,2026-27,2026:G,Marcus Sasser
DAL,Naji Marshall,1,guaranteed,2026-27,2026:G,Naji Marshall
DAL,Tobi Lawal,1,two_way,2026-27,2026:W,Tobi Lawal
DEN,Christian Braun,5,guaranteed,2030-31,2026:G|2027:G|2028:G|2029:G|2030:G,Christian Braun
DEN,Trevon Brazile,4,team_option,2029-30,2026:G|2027:G|2028:G|2029:T,Trevon Brazile
DEN,Aaron Gordon,3,player_option,2028-29,2026:G|2027:G|2028:P,Aaron Gordon
DEN,Jamal Murray,3,guaranteed,2028-29,2026:G|2027:G|2028:G,Jamal Murray
DEN,DaRon Holmes II,2,team_option,2027-28,2026:G|2027:T,DaRon Holmes II
DEN,Nikola Jokic,2,player_option,2027-28,2026:G|2027:P,Nikola Jokic
DEN,Spencer Jones,2,guaranteed,2027-28,2026:G|2027:G,Spencer Jones
DEN,Zeke Nnaji,2,player_option,2027-28,2026:G|2027:P,Zeke Nnaji
DEN,Alpha Diallo,1,guaranteed,2026-27,2026:G,Alpha Diallo
DEN,Cameron Johnson,1,guaranteed,2026-27,2026:G,Cameron Johnson
DEN,Julian Strawther,1,guaranteed,2026-27,2026:G,Julian Strawther
DEN,K.J. Simpson,1,two_way,2026-27,2026:W,K.J. Simpson
DEN,Marvin Bagley III,1,guaranteed,2026-27,2026:G,Marvin Bagley III
DEN,Tyus Jones,1,guaranteed,2026-27,2026:G,Tyus Jones
DET,Cade Cunningham,4,guaranteed,2029-30,2026:G|2027:G|2028:G|2029:G,Cade Cunningham
DET,Ebuka Okorie,4,team_option,2029-30,2026:G|2027:G|2028:T|2029:T,Ebuka Okorie
DET,Chaz Lanier,3,team_option,2028-29,2026:G|2027:G|2028:T,Chaz Lanier
DET,John Collins,3,guaranteed,2028-29,2026:G|2027:G|2028:G,John Collins
DET,Kevin Huerter,3,team_option,2028-29,2026:G|2027:G|2028:T,Kevin Huerter
DET,Duncan Robinson,2,guaranteed,2027-28,2026:G|2027:G,Duncan Robinson
DET,Isaiah Joe,2,team_option,2027-28,2026:G|2027:T,Isaiah Joe
DET,Ron Holland II,2,team_option,2027-28,2026:G|2027:T,Ron Holland II
DET,Ugonna Onyenso,2,two_way,2027-28,2026:W|2027:W,Ugonna Onyenso
DET,Ausar Thompson,1,guaranteed,2026-27,2026:G,Ausar Thompson
DET,Daniss Jenkins,1,guaranteed,2026-27,2026:G,Daniss Jenkins
DET,Elijah Harkless,1,two_way,2026-27,2026:W,Elijah Harkless
DET,Gary Harris,1,guaranteed,2026-27,2026:G,Gary Harris
DET,Isaac Jones,1,two_way,2026-27,2026:W,Isaac Jones
DET,Javonte Green,1,guaranteed,2026-27,2026:G,Javonte Green
DET,Paul Reed,1,guaranteed,2026-27,2026:G,Paul Reed
DET,Taurean Prince,1,guaranteed,2026-27,2026:G,Taurean Prince
DET,Tolu Smith III,1,guaranteed,2026-27,2026:G,Tolu Smith III
GSW,Yaxel Lendeborg,4,team_option,2029-30,2026:G|2027:G|2028:T|2029:T,Yaxel Lendeborg
GSW,Gui Santos,3,player_option,2028-29,2026:G|2027:G|2028:P,Gui Santos
GSW,Will Richard,3,team_option,2028-29,2026:G|2027:G|2028:T,Will Richard
GSW,Al Horford,2,player_option,2027-28,2026:G|2027:P,Al Horford
GSW,Kristaps Porzingis,2,player_option,2027-28,2026:G|2027:P,Kristaps Porzingis
GSW,Moses Moody,2,guaranteed,2027-28,2026:G|2027:G,Moses Moody
GSW,Brandin Podziemski,1,guaranteed,2026-27,2026:G,Brandin Podziemski
GSW,Charles Bassey,1,guaranteed,2026-27,2026:G,Charles Bassey
GSW,Draymond Green,1,guaranteed,2026-27,2026:G,Draymond Green
GSW,Jimmy Butler,1,guaranteed,2026-27,2026:G,Jimmy Butler
GSW,L.J. Cryer,1,two_way,2026-27,2026:W,L.J. Cryer
GSW,Malevy Leons,1,two_way,2026-27,2026:W,Malevy Leons
GSW,Stephen Curry,1,guaranteed,2026-27,2026:G,Stephen Curry
HOU,Jabari Smith Jr.,5,guaranteed,2030-31,2026:G|2027:G|2028:G|2029:G|2030:G,Jabari Smith Jr.
HOU,Tari Eason,5,player_option,2030-31,2026:G|2027:G|2028:G|2029:G|2030:P,Tari Eason
HOU,Alperen Sengun,4,player_option,2029-30,2026:G|2027:G|2028:G|2029:P,Alperen Sengun
HOU,Bruce Thornton,4,team_option,2029-30,2026:G|2027:G|2028:G|2029:T,Bruce Thornton
HOU,Isaiah Crawford,4,team_option,2029-30,2026:G|2027:G|2028:G|2029:T,Isaiah Crawford
HOU,Clint Capela,2,guaranteed,2027-28,2026:G|2027:G,Clint Capela
HOU,Kevin Durant,2,player_option,2027-28,2026:G|2027:P,Kevin Durant
HOU,Marcus Smart,2,player_option,2027-28,2026:G|2027:P,Marcus Smart
HOU,Reed Sheppard,2,team_option,2027-28,2026:G|2027:T,Reed Sheppard
HOU,Steven Adams,2,guaranteed,2027-28,2026:G|2027:G,Steven Adams
HOU,Amen Thompson,1,guaranteed,2026-27,2026:G,Amen Thompson
HOU,Bogdan Bogdanovic,1,guaranteed,2026-27,2026:G,Bogdan Bogdanovic
HOU,Fred VanVleet,1,guaranteed,2026-27,2026:G,Fred VanVleet
HOU,J.D. Davison,1,guaranteed,2026-27,2026:G,J.D. Davison
HOU,Jae’Sean Tate,1,guaranteed,2026-27,2026:G,Jae’Sean Tate
HOU,Julian Phillips,1,guaranteed,2026-27,2026:G,Julian Phillips
HOU,Oscar Tshiebwe,1,guaranteed,2026-27,2026:G,Oscar Tshiebwe
HOU,Quadir Copeland,1,two_way,2026-27,2026:W,Quadir Copeland
HOU,Tristen Newton,1,two_way,2026-27,2026:W,Tristen Newton
IND,Aaron Nesmith,3,guaranteed,2028-29,2026:G|2027:G|2028:G,Aaron Nesmith
IND,T.J. McConnell,3,team_option,2028-29,2026:G|2027:G|2028:T,T.J. McConnell
IND,Tyrese Haliburton,3,guaranteed,2028-29,2026:G|2027:G|2028:G,Tyrese Haliburton
IND,Andrew Nembhard,2,guaranteed,2027-28,2026:G|2027:G,Andrew Nembhard
IND,Ivica Zubac,2,guaranteed,2027-28,2026:G|2027:G,Ivica Zubac
IND,Jay Huff,2,team_option,2027-28,2026:G|2027:T,Jay Huff
IND,Johnny Furphy,2,team_option,2027-28,2026:G|2027:T,Johnny Furphy
IND,Kelly Oubre Jr.,2,guaranteed,2027-28,2026:G|2027:G,Kelly Oubre Jr.
IND,Obi Toppin,2,guaranteed,2027-28,2026:G|2027:G,Obi Toppin
IND,Pascal Siakam,2,guaranteed,2027-28,2026:G|2027:G,Pascal Siakam
IND,Quenton Jackson,2,guaranteed,2027-28,2026:G|2027:G,Quenton Jackson
IND,Ben Sheppard,1,guaranteed,2026-27,2026:G,Ben Sheppard
IND,Ethan Thompson,1,two_way,2026-27,2026:W,Ethan Thompson
IND,Jalen Slawson,1,two_way,2026-27,2026:W,Jalen Slawson
IND,Jarace Walker,1,guaranteed,2026-27,2026:G,Jarace Walker
IND,Kobe Brown,1,two_way,2026-27,2026:W,Kobe Brown
IND,Larry Nance Jr.,1,guaranteed,2026-27,2026:G,Larry Nance Jr.
LAC,Baba Miller,4,team_option,2029-30,2026:G|2027:G|2028:G|2029:T,Baba Miller
LAC,Keaton Wagler,4,team_option,2029-30,2026:G|2027:G|2028:T|2029:T,Keaton Wagler
LAC,Kobe Sanders,4,guaranteed,2029-30,2026:G|2027:G|2028:G|2029:G,Kobe Sanders
LAC,Johni Broome,3,team_option,2028-29,2026:G|2027:G|2028:T,Johni Broome
LAC,Jordan Miller,3,team_option,2028-29,2026:G|2027:G|2028:T,Jordan Miller
LAC,Yanic Konan Niederhauser,3,team_option,2028-29,2026:G|2027:T|2028:T,Yanic Konan Niederhauser
LAC,Cam Christie,2,team_option,2027-28,2026:G|2027:T,Cameron Christie
LAC,Darius Garland,2,guaranteed,2027-28,2026:G|2027:G,Darius Garland
LAC,Isaiah Jackson,2,guaranteed,2027-28,2026:G|2027:G,Isaiah Jackson
LAC,Nick Martinelli,2,two_way,2027-28,2026:W|2027:W,Nick Martinelli
LAC,Rui Hachimura,2,team_option,2027-28,2026:G|2027:T,Rui Hachimura
LAC,Brook Lopez,1,guaranteed,2026-27,2026:G,Brook Lopez
LAC,Derrick Jones Jr.,1,guaranteed,2026-27,2026:G,Derrick Jones Jr.
LAC,Kawhi Leonard,1,guaranteed,2026-27,2026:G,Kawhi Leonard
LAC,Kris Dunn,1,guaranteed,2026-27,2026:G,Kris Dunn
LAC,Sean Pedulla,1,two_way,2026-27,2026:W,Sean Pedulla
LAL,Austin Reaves,4,player_option,2029-30,2026:G|2027:G|2028:G|2029:P,Austin Reaves
LAL,Cameron Carr,4,team_option,2029-30,2026:G|2027:G|2028:T|2029:T,Cameron Carr
LAL,Quentin Grimes,4,player_option,2029-30,2026:G|2027:G|2028:G|2029:P,Quentin Grimes
LAL,Sandro Mamukelashvili,4,player_option,2029-30,2026:G|2027:G|2028:G|2029:P,Sandro Mamukelashvili
LAL,Walker Kessler,4,player_option,2029-30,2026:G|2027:G|2028:G|2029:P,Walker Kessler
LAL,Luka Doncic,3,player_option,2028-29,2026:G|2027:G|2028:P,Luka Doncic
LAL,Adou Thiero,2,team_option,2027-28,2026:G|2027:T,Adou Thiero
LAL,Bronny James,2,team_option,2027-28,2026:G|2027:T,Bronny James
LAL,Collin Sexton,2,player_option,2027-28,2026:G|2027:P,Collin Sexton
LAL,Dalton Knecht,2,team_option,2027-28,2026:G|2027:T,Dalton Knecht
LAL,Jaden Hardy,2,team_option,2027-28,2026:G|2027:T,Jaden Hardy
LAL,Jarred Vanderbilt,2,player_option,2027-28,2026:G|2027:P,Jarred Vanderbilt
LAL,AK Okereke,1,two_way,2026-27,2026:W,AK Okereke
LAL,Arthur Kaluma,1,two_way,2026-27,2026:W,Arthur Kaluma
LAL,Chris Manon,1,two_way,2026-27,2026:W,Chris Manon
LAL,Jake LaRavia,1,guaranteed,2026-27,2026:G,Jake LaRavia
LAL,Kevon Looney,1,guaranteed,2026-27,2026:G,Kevon Looney
LAL,Matisse Thybulle,1,guaranteed,2026-27,2026:G,Matisse Thybulle
LAL,Ziaire Williams,1,guaranteed,2026-27,2026:G,Ziaire Williams
MEM,Cameron Boozer,4,guaranteed,2029-30,2026:G|2027:G|2028:T|2029:G,Cameron Boozer
MEM,Karim Lopez,4,team_option,2029-30,2026:G|2027:G|2028:T|2029:T,Karim Lopez
MEM,Cam Spencer,3,team_option,2028-29,2026:G|2027:G|2028:T,Cam Spencer
MEM,Cedric Coward,3,team_option,2028-29,2026:G|2027:T|2028:T,Cedric Coward
MEM,Quinten Post,3,team_option,2028-29,2026:G|2027:G|2028:T,Quinten Post
MEM,Walter Clayton Jr.,3,team_option,2028-29,2026:G|2027:T|2028:T,Walter Clayton Jr.
MEM,AJ Johnson,2,team_option,2027-28,2026:G|2027:T,AJ Johnson
MEM,Isaiah Stewart,2,team_option,2027-28,2026:G|2027:T,Isaiah Stewart
MEM,Jaylen Wells,2,team_option,2027-28,2026:G|2027:T,Jaylen Wells
MEM,Jerami Grant,2,player_option,2027-28,2026:G|2027:P,Jerami Grant
MEM,Scotty Pippen Jr.,2,team_option,2027-28,2026:G|2027:T,Scotty Pippen Jr.
MEM,Ty Jerome,2,player_option,2027-28,2026:G|2027:P,Ty Jerome
MEM,Zach Edey,2,team_option,2027-28,2026:G|2027:T,Zach Edey
MEM,D'Angelo Russell,1,guaranteed,2026-27,2026:G,D'Angelo Russell
MEM,G.G. Jackson,1,guaranteed,2026-27,2026:G,G.G. Jackson
MEM,Jahmai Mashack,1,two_way,2026-27,2026:W,Jahmai Mashack
MEM,Javon Small,1,two_way,2026-27,2026:W,Javon Small
MEM,Kris Murray,1,guaranteed,2026-27,2026:G,Kris Murray
MEM,Olivier-Maxence Prosper,1,guaranteed,2026-27,2026:G,Olivier-Maxence Prosper
MEM,Taj Gibson,1,guaranteed,2026-27,2026:G,Taj Gibson
MEM,Taylor Hendricks,1,guaranteed,2026-27,2026:G,Taylor Hendricks
MIA,Nikola Jovic,4,guaranteed,2029-30,2026:G|2027:G|2028:G|2029:G,Nikola Jovic
MIA,Andrew Wiggins,3,player_option,2028-29,2026:G|2027:G|2028:P,Andrew Wiggins
MIA,Bam Adebayo,3,player_option,2028-29,2026:G|2027:G|2028:P,Bam Adebayo
MIA,Ryan Conwell,3,team_option,2028-29,2026:G|2027:G|2028:T,Ryan Conwell
MIA,Bobby Portis,2,player_option,2027-28,2026:G|2027:P,Bobby Portis
MIA,Dru Smith,2,team_option,2027-28,2026:G|2027:T,Dru Smith
MIA,Giannis Antetokounmpo,2,player_option,2027-28,2026:G|2027:P,Giannis Antetokounmpo
MIA,Myron Gardner,2,guaranteed,2027-28,2026:G|2027:G,Myron Gardner
MIA,Davion Mitchell,1,guaranteed,2026-27,2026:G,Davion Mitchell
MIA,Pelle Larsson,1,guaranteed,2026-27,2026:G,Pelle Larsson
MIA,Simone Fontecchio,1,guaranteed,2026-27,2026:G,Simone Fontecchio
MIA,Tim Hardaway Jr.,1,guaranteed,2026-27,2026:G,Tim Hardaway Jr.
MIA,Tre Donaldson,1,two_way,2026-27,2026:W,Tre Donaldson
MIA,Vladislav Goldin,1,two_way,2026-27,2026:W,Vladislav Goldin
MIL,AJ Green,4,guaranteed,2029-30,2026:G|2027:G|2028:G|2029:G,AJ Green
MIL,Bogoljub Marković,4,team_option,2029-30,2026:G|2027:G|2028:G|2029:T,Bogoljub Marković
MIL,Brayden Burries,4,team_option,2029-30,2026:G|2027:G|2028:T|2029:T,Brayden Burries
MIL,Gary Trent Jr.,4,guaranteed,2029-30,2026:G|2027:G|2028:G|2029:G,Gary Trent Jr.
MIL,Nate Ament,4,team_option,2029-30,2026:G|2027:G|2028:T|2029:T,Nate Ament
MIL,Kasparas Jakucionis,3,team_option,2028-29,2026:G|2027:T|2028:T,Kasparas Jakucionis
MIL,Myles Turner,3,player_option,2028-29,2026:G|2027:G|2028:P,Myles Turner
MIL,Ousmane Dieng,3,team_option,2028-29,2026:G|2027:G|2028:T,Ousmane Dieng
MIL,Kel'el Ware,2,team_option,2027-28,2026:G|2027:T,Kel'el Ware
MIL,Pete Nance,2,team_option,2027-28,2026:G|2027:T,Pete Nance
MIL,Ryan Rollins,2,player_option,2027-28,2026:G|2027:P,Ryan Rollins
MIL,Caris LeVert,1,guaranteed,2026-27,2026:G,Caris LeVert
MIL,Cormac Ryan,1,two_way,2026-27,2026:W,Cormac Ryan
MIL,Jaime Jaquez Jr.,1,guaranteed,2026-27,2026:G,Jaime Jaquez Jr.
MIL,Jericho Sims,1,guaranteed,2026-27,2026:G,Jericho Sims
MIL,Kam Jones,1,two_way,2026-27,2026:W,Kam Jones
MIL,Kevin Porter Jr.,1,guaranteed,2026-27,2026:G,Kevin Porter Jr.
MIL,Kyle Kuzma,1,guaranteed,2026-27,2026:G,Kyle Kuzma
MIL,Tyler Herro,1,guaranteed,2026-27,2026:G,Tyler Herro
MIN,Ayo Dosunmu,5,player_option,2030-31,2026:G|2027:G|2028:G|2029:G|2030:P,Ayo Dosunmu
MIN,Isaiah Evans,4,team_option,2029-30,2026:G|2027:G|2028:G|2029:T,Isaiah Evans
MIN,Anthony Edwards,3,guaranteed,2028-29,2026:G|2027:G|2028:G,Anthony Edwards
MIN,Jaden McDaniels,3,guaranteed,2028-29,2026:G|2027:G|2028:G,Jaden McDaniels
MIN,Jaylen Clark,3,guaranteed,2028-29,2026:G|2027:G|2028:G,Jaylen Clark
MIN,Joan Beringer,3,team_option,2028-29,2026:G|2027:T|2028:T,Joan Beringer
MIN,LaMelo Ball,3,guaranteed,2028-29,2026:G|2027:G|2028:G,LaMelo Ball
MIN,Rudy Gobert,2,player_option,2027-28,2026:G|2027:P,Rudy Gobert
MIN,Terrence Shannon Jr.,2,team_option,2027-28,2026:G|2027:T,Terrence Shannon Jr.
MIN,Bones Hyland,1,guaranteed,2026-27,2026:G,Nah'Shon Hyland
MIN,Donte DiVincenzo,1,guaranteed,2026-27,2026:G,Donte DiVincenzo
MIN,Enrique Freeman,1,two_way,2026-27,2026:W,Enrique Freeman
MIN,Josh Green,1,guaranteed,2026-27,2026:G,Josh Green
MIN,Rocco Zikarsky,1,two_way,2026-27,2026:W,Rocco Zikarsky
MIN,Trey Lyles,1,guaranteed,2026-27,2026:G,Trey Lyles
MIN,Zyon Pullin,1,two_way,2026-27,2026:W,Zyon Pullin
NOP,Herb Jones,4,player_option,2029-30,2026:G|2027:G|2028:G|2029:P,Herb Jones
NOP,Derik Queen,3,team_option,2028-29,2026:G|2027:T|2028:T,Derik Queen
NOP,Jeremiah Fears,3,team_option,2028-29,2026:G|2027:T|2028:T,Jeremiah Fears
NOP,Micah Peavy,3,team_option,2028-29,2026:G|2027:G|2028:T,Micah Peavy
NOP,Trey Murphy III,3,guaranteed,2028-29,2026:G|2027:G|2028:G,Trey Murphy III
NOP,Bryce McGowens,2,team_option,2027-28,2026:G|2027:T,Bryce McGowens
NOP,DeAndre Jordan,2,guaranteed,2027-28,2026:G|2027:G,DeAndre Jordan
NOP,Dejounte Murray,2,player_option,2027-28,2026:G|2027:P,Dejounte Murray
NOP,Yves Missi,2,team_option,2027-28,2026:G|2027:T,Yves Missi
NOP,Zion Williamson,2,guaranteed,2027-28,2026:G|2027:G,Zion Williamson
NOP,Christian Koloko,1,guaranteed,2026-27,2026:G,Christian Koloko
NOP,Hunter Dickinson,1,two_way,2026-27,2026:W,Hunter Dickinson
NOP,Jaron Pierre Jr.,1,two_way,2026-27,2026:W,Jaron Pierre Jr.
NOP,Jordan Hawkins,1,guaranteed,2026-27,2026:G,Jordan Hawkins
NOP,Jordan Poole,1,guaranteed,2026-27,2026:G,Jordan Poole
NOP,Karlo Matkovic,1,guaranteed,2026-27,2026:G,Karlo Matkovic
NOP,Kobe Bufkin,1,guaranteed,2026-27,2026:G,Kobe Bufkin
NOP,Saddiq Bey,1,guaranteed,2026-27,2026:G,Saddiq Bey
NYK,Landry Shamet,4,player_option,2029-30,2026:G|2027:G|2028:G|2029:P,Landry Shamet
NYK,Mikal Bridges,4,player_option,2029-30,2026:G|2027:G|2028:G|2029:P,Mikal Bridges
NYK,Mohamed Diawara,4,team_option,2029-30,2026:G|2027:G|2028:G|2029:T,Mohamed Diawara
NYK,Jalen Brunson,3,player_option,2028-29,2026:G|2027:G|2028:P,Jalen Brunson
NYK,Jose Alvarado,3,guaranteed,2028-29,2026:G|2027:G|2028:G,Jose Alvarado
NYK,OG Anunoby,3,player_option,2028-29,2026:G|2027:G|2028:P,OG Anunoby
NYK,Josh Hart,2,team_option,2027-28,2026:G|2027:T,Josh Hart
NYK,Karl-Anthony Towns,2,player_option,2027-28,2026:G|2027:P,Karl-Anthony Towns
NYK,Pacome Dadiet,2,team_option,2027-28,2026:G|2027:T,Pacome Dadiet
NYK,Tyler Kolek,2,team_option,2027-28,2026:G|2027:T,Tyler Kolek
NYK,Andre Drummond,1,guaranteed,2026-27,2026:G,Andre Drummond
NYK,Jordan Clarkson,1,guaranteed,2026-27,2026:G,Jordan Clarkson
NYK,Miles McBride,1,guaranteed,2026-27,2026:G,Miles McBride
OKC,Chet Holmgren,5,guaranteed,2030-31,2026:G|2027:G|2028:G|2029:G|2030:G,Chet Holmgren
OKC,Jalen Williams,5,guaranteed,2030-31,2026:G|2027:G|2028:G|2029:G|2030:G,Jalen Williams
OKC,Shai Gilgeous-Alexander,5,player_option,2030-31,2026:G|2027:G|2028:G|2029:G|2030:P,Shai Gilgeous-Alexander
OKC,Aday Mara,4,team_option,2029-30,2026:G|2027:G|2028:T|2029:T,Aday Mara
OKC,Bennett Stirtz,4,team_option,2029-30,2026:G|2027:G|2028:T|2029:T,Bennett Stirtz
OKC,Alex Caruso,3,guaranteed,2028-29,2026:G|2027:G|2028:G,Alex Caruso
OKC,Isaiah Hartenstein,3,mutual_option,2028-29,2026:G|2027:G|2028:M,Isaiah Hartenstein
OKC,Thomas Sorber,3,team_option,2028-29,2026:G|2027:T|2028:T,Thomas Sorber
OKC,Ajay Mitchell,2,team_option,2027-28,2026:G|2027:T,Ajay Mitchell
OKC,Jared McCain,2,team_option,2027-28,2026:G|2027:T,Jared McCain
OKC,Jaylin Williams,2,team_option,2027-28,2026:G|2027:T,Jaylin Williams
OKC,Nikola Topic,2,team_option,2027-28,2026:G|2027:T,Nikola Topic
OKC,Brooks Barnhizer,1,two_way,2026-27,2026:W,Brooks Barnhizer
OKC,Cason Wallace,1,guaranteed,2026-27,2026:G,Cason Wallace
OKC,Josh Dix,1,two_way,2026-27,2026:W,Josh Dix
OKC,Kenrich Williams,1,guaranteed,2026-27,2026:G,Kenrich Williams
OKC,Otega Oweh,1,two_way,2026-27,2026:W,Otega Oweh
ORL,Paolo Banchero,5,player_option,2030-31,2026:G|2027:G|2028:G|2029:G|2030:P,Paolo Banchero
ORL,Franz Wagner,4,guaranteed,2029-30,2026:G|2027:G|2028:G|2029:G,Franz Wagner
ORL,Jalen Suggs,4,guaranteed,2029-30,2026:G|2027:G|2028:G|2029:G,Jalen Suggs
ORL,Desmond Bane,3,guaranteed,2028-29,2026:G|2027:G|2028:G,Desmond Bane
ORL,Jase Richardson,3,team_option,2028-29,2026:G|2027:T|2028:T,Jase Richardson
ORL,Noah Penda,3,team_option,2028-29,2026:G|2027:G|2028:T,Noah Penda
ORL,Wendell Carter Jr.,3,team_option,2028-29,2026:G|2027:G|2028:T,Wendell Carter Jr.
ORL,Izaiyah Nelson,2,guaranteed,2027-28,2026:W|2027:G,Izaiyah Nelson
ORL,Tristan Da Silva,2,team_option,2027-28,2026:G|2027:T,Tristan Da Silva
ORL,Alex Morales,1,two_way,2026-27,2026:W,Alex Morales
ORL,Anthony Black,1,guaranteed,2026-27,2026:G,Anthony Black
ORL,Colin Castleton,1,two_way,2026-27,2026:W,Colin Castleton
ORL,Goga Bitadze,1,guaranteed,2026-27,2026:G,Goga Bitadze
ORL,Jamal Cain,1,guaranteed,2026-27,2026:G,Jamal Cain
ORL,Jevon Carter,1,guaranteed,2026-27,2026:G,Jevon Carter
ORL,Jonathan Isaac,1,guaranteed,2026-27,2026:G,Jonathan Isaac
ORL,Nikola Vucevic,1,guaranteed,2026-27,2026:G,Nikola Vucevic
PHI,Dean Wade,4,guaranteed,2029-30,2026:G|2027:G|2028:G|2029:G,Dean Wade
PHI,Labaron Philon Jr.,4,team_option,2029-30,2026:G|2027:G|2028:T|2029:T,Labaron Philon Jr.
PHI,Jaylen Brown,3,guaranteed,2028-29,2026:G|2027:G|2028:G,Jaylen Brown
PHI,Joel Embiid,3,player_option,2028-29,2026:G|2027:G|2028:P,Joel Embiid
PHI,Tyrese Maxey,3,guaranteed,2028-29,2026:G|2027:G|2028:G,Tyrese Maxey
PHI,VJ Edgecombe,3,team_option,2028-29,2026:G|2027:T|2028:T,VJ Edgecombe
PHI,Adem Bona,2,team_option,2027-28,2026:G|2027:T,Adem Bona
PHI,Anfernee Simons,2,player_option,2027-28,2026:G|2027:P,Anfernee Simons
PHI,Justin Edwards,2,team_option,2027-28,2026:G|2027:T,Justin Edwards
PHI,LeBron James,2,player_option,2027-28,2026:G|2027:P,LeBron James
PHI,Ariel Hukporti,1,guaranteed,2026-27,2026:G,Ariel Hukporti
PHI,Caleb Love,1,two_way,2026-27,2026:W,Caleb Love
PHI,Dominick Barlow,1,guaranteed,2026-27,2026:G,Dominick Barlow
PHI,Duke Miles,1,guaranteed,2026-27,2026:G,Duke Miles
PHI,Jabari Walker,1,guaranteed,2026-27,2026:G,Jabari Walker
PHI,Rayan Rupert,1,two_way,2026-27,2026:W,Rayan Rupert
PHX,Collin Gillespie,4,guaranteed,2029-30,2026:G|2027:G|2028:G|2029:G,Collin Gillespie
PHX,Devin Booker,4,player_option,2029-30,2026:G|2027:G|2028:G|2029:P,Devin Booker
PHX,Koa Peat,4,team_option,2029-30,2026:G|2027:G|2028:T|2029:T,Koa Peat
PHX,Jordan Goodwin,3,player_option,2028-29,2026:G|2027:G|2028:P,Jordan Goodwin
PHX,Khaman Maluach,3,team_option,2028-29,2026:G|2027:T|2028:T,Khaman Maluach
PHX,Mark Williams,3,guaranteed,2028-29,2026:G|2027:G|2028:G,Mark Williams
PHX,Rasheer Fleming,3,team_option,2028-29,2026:G|2027:G|2028:T,Rasheer Fleming
PHX,Jalen Green,2,player_option,2027-28,2026:G|2027:P,Jalen Green
PHX,Luke Kennard,2,player_option,2027-28,2026:G|2027:P,Luke Kennard
PHX,Oso Ighodaro,2,team_option,2027-28,2026:G|2027:T,Oso Ighodaro
PHX,Ryan Dunn,2,team_option,2027-28,2026:G|2027:T,Ryan Dunn
PHX,CJ Huntley,1,two_way,2026-27,2026:W,CJ Huntley
PHX,Dillon Brooks,1,guaranteed,2026-27,2026:G,Dillon Brooks
PHX,Haywood Highsmith,1,guaranteed,2026-27,2026:G,Haywood Highsmith
PHX,Jamaree Bouyea,1,guaranteed,2026-27,2026:G,Jamaree Bouyea
PHX,Koby Brea,1,two_way,2026-27,2026:W,Koby Brea
PHX,Miles Bridges,1,guaranteed,2026-27,2026:G,Miles Bridges
PHX,Pat Spencer,1,two_way,2026-27,2026:W,Pat Spencer
POR,Shaedon Sharpe,4,guaranteed,2029-30,2026:G|2027:G|2028:G|2029:G,Shaedon Sharpe
POR,Toumani Camara,4,guaranteed,2029-30,2026:G|2027:G|2028:G|2029:G,Toumani Camara
POR,Robert Williams III,3,guaranteed,2028-29,2026:G|2027:G|2028:G,Robert Williams III
POR,Yang Hansen,3,team_option,2028-29,2026:G|2027:T|2028:T,Yang Hansen
POR,Damian Lillard,2,player_option,2027-28,2026:G|2027:P,Damian Lillard
POR,Deni Avdija,2,guaranteed,2027-28,2026:G|2027:G,Deni Avdija
POR,Donovan Clingan,2,team_option,2027-28,2026:G|2027:T,Donovan Clingan
POR,Ja Morant,2,guaranteed,2027-28,2026:G|2027:G,Ja Morant
POR,John Tonje,2,two_way,2027-28,2026:W|2027:W,John Tonje
POR,Jrue Holiday,2,player_option,2027-28,2026:G|2027:P,Jrue Holiday
POR,Vit Krejci,2,team_option,2027-28,2026:G|2027:T,Vit Krejci
POR,Branden Carlson,1,guaranteed,2026-27,2026:G,Branden Carlson
POR,Chris Youngblood,1,two_way,2026-27,2026:W,Chris Youngblood
POR,Jayson Kent,1,two_way,2026-27,2026:W,Jayson Kent
POR,Micah Potter,1,guaranteed,2026-27,2026:G,Micah Potter
POR,Scoot Henderson,1,guaranteed,2026-27,2026:G,Scoot Henderson
POR,Sidy Cissoko,1,guaranteed,2026-27,2026:G,Sidy Cissoko
SAC,Keegan Murray,5,guaranteed,2030-31,2026:G|2027:G|2028:G|2029:G|2030:G,Keegan Murray
SAC,Alex Karaban,4,team_option,2029-30,2026:G|2027:G|2028:T|2029:T,Alex Karaban
SAC,Darius Acuff Jr.,4,team_option,2029-30,2026:G|2027:G|2028:T|2029:T,Darius Acuff Jr.
SAC,Dylan Cardwell,3,team_option,2028-29,2026:G|2027:G|2028:T,Dylan Cardwell
SAC,Emanuel Sharp,3,team_option,2028-29,2026:G|2027:G|2028:T,Emanuel Sharp
SAC,Nique Clifford,3,team_option,2028-29,2026:G|2027:T|2028:T,Nique Clifford
SAC,Adam Flagler,2,two_way,2027-28,2026:W|2027:W,Adam Flagler
SAC,Daeqwon Plowden,2,guaranteed,2027-28,2026:G|2027:G,Daeqwon Plowden
SAC,Domantas Sabonis,2,guaranteed,2027-28,2026:G|2027:G,Domantas Sabonis
SAC,Jonathan Mogbo,2,two_way,2027-28,2026:W|2027:W,Jonathan Mogbo
SAC,Malik Monk,2,player_option,2027-28,2026:G|2027:P,Malik Monk
SAC,Maxime Raynaud,2,team_option,2027-28,2026:G|2027:T,Maxime Raynaud
SAC,Precious Achiuwa,2,guaranteed,2027-28,2026:G|2027:G,Precious Achiuwa
SAC,De'Andre Hunter,1,guaranteed,2026-27,2026:G,De'Andre Hunter
SAC,Zach LaVine,1,guaranteed,2026-27,2026:G,Zach LaVine
SAS,Victor Wembanyama,6,player_option,2031-32,2026:G|2027:G|2028:G|2029:G|2030:G|2031:P,Victor Wembanyama
SAS,De'Aaron Fox,4,guaranteed,2029-30,2026:G|2027:G|2028:G|2029:G,De'Aaron Fox
SAS,Jayden Quaintance,4,team_option,2029-30,2026:G|2027:G|2028:T|2029:T,Jayden Quaintance
SAS,Tarris Reed Jr.,4,team_option,2029-30,2026:G|2027:G|2028:T|2029:T,Tarris Reed Jr.
SAS,Carter Bryant,3,team_option,2028-29,2026:G|2027:T|2028:T,Carter Bryant
SAS,Devin Vassell,3,guaranteed,2028-29,2026:G|2027:G|2028:G,Devin Vassell
SAS,Dylan Harper,3,team_option,2028-29,2026:G|2027:T|2028:T,Dylan Harper
SAS,Julian Champagnie,3,guaranteed,2028-29,2026:G|2027:G|2028:G,Julian Champagnie
SAS,Luke Kornet,3,team_option,2028-29,2026:G|2027:G|2028:T,Luke Kornet
SAS,Stephon Castle,2,team_option,2027-28,2026:G|2027:T,Stephon Castle
SAS,Tobias Harris,2,guaranteed,2027-28,2026:G|2027:G,Tobias Harris
SAS,David Jones-Garcia,1,two_way,2026-27,2026:W,David Jones-Garcia
SAS,Harrison Barnes,1,guaranteed,2026-27,2026:G,Harrison Barnes
SAS,Ja'Kobi Gillespie,1,two_way,2026-27,2026:W,Ja'Kobi Gillespie
SAS,Keldon Johnson,1,guaranteed,2026-27,2026:G,Keldon Johnson
SAS,Maliq Brown,1,two_way,2026-27,2026:W,Maliq Brown
TOR,Allen Graves,4,team_option,2029-30,2026:G|2027:G|2028:T|2029:T,Allen Graves
TOR,Jakob Poeltl,4,guaranteed,2029-30,2026:G|2027:G|2028:G|2029:G,Jakob Poeltl
TOR,Scottie Barnes,4,guaranteed,2029-30,2026:G|2027:G|2028:G|2029:G,Scottie Barnes
TOR,Collin Murray-Boyles,3,team_option,2028-29,2026:G|2027:T|2028:T,Collin Murray-Boyles
TOR,Immanuel Quickley,3,guaranteed,2028-29,2026:G|2027:G|2028:G,Immanuel Quickley
TOR,Alijah Martin,2,player_option,2027-28,2026:G|2027:P,Alijah Martin
TOR,Brandon Ingram,2,player_option,2027-28,2026:G|2027:P,Brandon Ingram
TOR,Ja'Kobe Walter,2,team_option,2027-28,2026:G|2027:T,Ja'Kobe Walter
TOR,Chucky Hepburn,1,two_way,2026-27,2026:W,Chucky Hepburn
TOR,Gradey Dick,1,guaranteed,2026-27,2026:G,Gradey Dick
TOR,Jaden Bradley,1,two_way,2026-27,2026:W,Jaden Bradley
TOR,Jamal Shead,1,guaranteed,2026-27,2026:G,Jamal Shead
TOR,Jamison Battle,1,guaranteed,2026-27,2026:G,Jamison Battle
TOR,Kyle Anderson,1,guaranteed,2026-27,2026:G,Kyle Anderson
TOR,Nate Bittle,1,guaranteed,2026-27,2026:G,Nate Bittle
TOR,R.J. Barrett,1,guaranteed,2026-27,2026:G,R.J. Barrett
TOR,Trayce Jackson-Davis,1,guaranteed,2026-27,2026:G,Trayce Jackson-Davis
UTA,Darryn Peterson,4,team_option,2029-30,2026:G|2027:G|2028:T|2029:T,Darryn Peterson
UTA,Jaren Jackson Jr.,4,player_option,2029-30,2026:G|2027:G|2028:G|2029:P,Jaren Jackson Jr.
UTA,Ace Bailey,3,team_option,2028-29,2026:G|2027:T|2028:T,Ace Bailey
UTA,Lauri Markkanen,3,guaranteed,2028-29,2026:G|2027:G|2028:G,Lauri Markkanen
UTA,Cody Williams,2,team_option,2027-28,2026:G|2027:T,Cody Williams
UTA,Isaiah Collier,2,team_option,2027-28,2026:G|2027:T,Isaiah Collier
UTA,Jaxson Hayes,2,team_option,2027-28,2026:G|2027:T,Jaxson Hayes
UTA,Josh Okogie,2,team_option,2027-28,2026:G|2027:T,Josh Okogie
UTA,Jusuf Nurkic,2,guaranteed,2027-28,2026:G|2027:G,Jusuf Nurkic
UTA,Kyle Filipowski,2,team_option,2027-28,2026:G|2027:T,Kyle Filipowski
UTA,Mo Bamba,2,team_option,2027-28,2026:G|2027:T,Mohamed Bamba
UTA,Svi Mykhailiuk,2,team_option,2027-28,2026:G|2027:T,Sviatoslav Mykhailiuk
UTA,Tamar Bates,2,two_way,2027-28,2026:W|2027:W,Tamar Bates
UTA,Blake Hinson,1,two_way,2026-27,2026:W,Blake Hinson
UTA,Brice Sensabaugh,1,guaranteed,2026-27,2026:G,Brice Sensabaugh
UTA,Harrison Ingram,1,guaranteed,2026-27,2026:G,Harrison Ingram
UTA,John Konchar,1,guaranteed,2026-27,2026:G,John Konchar
UTA,Keyonte George,1,guaranteed,2026-27,2026:G,Keyonte George
UTA,Trey Alexander,1,two_way,2026-27,2026:W,Trey Alexander
WAS,AJ Dybantsa,4,team_option,2029-30,2026:G|2027:G|2028:T|2029:T,AJ Dybantsa
WAS,Trae Young,4,player_option,2029-30,2026:G|2027:G|2028:G|2029:P,Trae Young
WAS,Khris Middleton,3,guaranteed,2028-29,2026:G|2027:G|2028:G,Khris Middleton
WAS,Tre Johnson,3,team_option,2028-29,2026:G|2027:T|2028:T,Tre Johnson
WAS,Will Riley,3,team_option,2028-29,2026:G|2027:T|2028:T,Will Riley
WAS,Alex Sarr,2,team_option,2027-28,2026:G|2027:T,Alex Sarr
WAS,Anthony Davis,2,player_option,2027-28,2026:G|2027:P,Anthony Davis
WAS,Bub Carrington,2,team_option,2027-28,2026:G|2027:T,Bub Carrington
WAS,Justin Champagnie,2,team_option,2027-28,2026:G|2027:T,Justin Champagnie
WAS,Kyshawn George,2,team_option,2027-28,2026:G|2027:T,Kyshawn George
WAS,Tristan Vukcevic,2,team_option,2027-28,2026:G|2027:T,Tristan Vukcevic
WAS,Bilal Coulibaly,1,guaranteed,2026-27,2026:G,Bilal Coulibaly
WAS,Cam Whitmore,1,guaranteed,2026-27,2026:G,Cam Whitmore
WAS,Deandre Ayton,1,guaranteed,2026-27,2026:G,Deandre Ayton
WAS,Felix Okpara,1,two_way,2026-27,2026:W,Felix Okpara
WAS,Jamir Watkins,1,two_way,2026-27,2026:W,Jamir Watkins
WAS,Julian Reese,1,two_way,2026-27,2026:W,Julian Reese
