# HoopsValue -- 2026-27 dead money, verified team by team.
#
# Salary a team still owes players who are not on its roster: buyouts, waivers,
# stretched contracts, and partial guarantees left behind in trades. It counts
# against the cap, the tax line and both aprons exactly like a player's salary,
# so pages/Rosters.py adds it to committed salary.
#
# Source: Spotrac 2026-27 team cap tables (the "Dead Money Cap" section), read
# 2026-07-29 (re-verified 08-18 Highsmith; 08-23 Klay; 08-26 DeRozan; 09-04 three
# more stretches; 09-17 two waivers; 10-06 six camp-window waivers). Every team
# below reconciles to the Dead Cap column on Spotrac's
# league cap tracker; the 20 teams not listed here carry none.
#
# status is only filled in where the source tags the move; a blank means the
# charge is on the books but the source does not label how it got there.
#
# amount_M is millions.  Columns: asof,team,player,amount_M,status,notes
asof,team,player,amount_M,status,notes
2026-07-29,CHI,Kam Jones,1.075,waived,2025 second-rounder waived by Chicago; now on a Milwaukee two-way
2026-07-29,CLE,Ricky Rubio,0.425,,Trailing charge from the retired guard's Cleveland contract
2026-07-29,DAL,JaVale McGee,2.209,,
2026-07-29,DAL,Olivier-Maxence Prosper,1.002,waived,Waived by Dallas and signed by Memphis; Dallas keeps the charge
2026-09-04,DEN,Jonas Valanciunas,0.667,waived,"STRETCHED 8/27/26: the $2M guaranteed remainder now charges $667K a year across 2026-27 through 2028-29, cutting Denver's tax bill"
2026-07-29,MEM,Kentavious Caldwell-Pope,17.745,waived,"Opted into $21.6M, bought out 7/25/26 giving back $3.88M, signed with PHI"
2026-07-29,MEM,Cole Anthony,3.700,waived,
2026-07-29,MEM,Mamadi Diakite,0.464,,
2026-07-29,MIL,Damian Lillard,22.516,waived,Stretched over five years after the 2025 waive
2026-07-29,MIL,Cameron Thomas,0.845,,
2026-07-29,MIL,Vasilije Micic,0.667,waived,
2026-07-29,ORL,Jonathan Isaac,8.000,waived,
2026-07-29,PHX,Bradley Beal,19.383,,Stretched over five years after the 2025 waive
2026-07-29,PHX,Nassir Little,3.107,,
2026-07-29,PHX,E.J. Liddell,0.707,,
2026-07-29,POR,Didi Louzada,0.268,,
2026-08-26,SAC,DeMar DeRozan,3.333,waived,"STRETCHED 8/25/26 before the deadline: the $10M guaranteed remainder of his $25.74M salary now charges $3.333M a year across 2026-27 through 2028-29, which drops SAC under the tax. He signed with DEN 8/21"
2026-08-18,PHX,Haywood Highsmith,1.000,waived,"$1M partial guarantee from the 8/12/26 waive; he re-signed 8/17 on a new vet min (tax-cutting restructure)"
2026-08-23,DAL,Klay Thompson,7.700,waived,"buyout 8/21/26 of his $17.5M final year - gave back ~$9.8M; waived, clears 8/23; ~$7.7M dead (no stretch reported); expected to sign MIA"
2026-09-04,CLE,Cam Whitmore,1.819,waived,"waived and stretched 8/28/26; his $5.458M expiring charges $1.819M a year through 2028-29, which is what cleared Cleveland under its first-apron hard cap for Harden"
2026-09-04,MIN,John Konchar,2.060,waived,"acquired from UTA 8/29/26 and waived the same day; $6.17M stretched across three seasons"
2026-09-17,NOP,Taj Gibson,0.148828,waived,"acquired from MEM 9/8/26 and waived 9/9; of his $3,815,861 only $148,828 was guaranteed, so that is the whole charge and the other $3.67M is charged to nobody"
2026-09-17,ATL,Devin Carter,5.158,waived,"waived 9/11/26 with his $5,158,080 fully guaranteed, so Atlanta carries all of it. He signed a BOS Exhibit 10 on 9/14 which is a $0 cap hit and produces no set-off yet"
2026-10-06,MEM,D'Angelo Russell,5.96925,waived,"waived 9/25/26. $5,969,250 exactly, the player-option year he exercised with WAS in June. Reported variously as $5.96M and $5.97M; it is neither $6.0M nor a round number"
2026-10-06,CHA,Rob Dillingham,6.88932,waived,"acquired from CHI 9/27/26 for Buddy Hield and WAIVED 9/28. All $6,889,320 of his rookie-scale year is dead; the Aug 31 stretch deadline had passed so it could not be spread"
2026-10-06,CHA,Ryan Nembhard,2.150917,waived,"acquired from ATL 9/22/26 in the Finney-Smith trade and waived; signed a DEN two-way 9/30. SINGLE-SOURCED: it surfaced inside another verification rather than on its own, but the arithmetic corroborates it, since the cited Charlotte total of $9,040,237 is exactly this plus Dillingham. Worth a dedicated check next round"
2026-10-06,DET,Gary Harris,3.815861,waived,"waived 9/27/26; his expiring $3,815,861 is dead. Note the reporting on this one collapses to a single Michael Scotto report republished by a dozen outlets"
2026-10-06,MEM,Jordan Hawkins,6.343013,waived,"waived 10/2/26. NOT the full $7,021,895: he gave back $678,882 in the buyout, which is exactly the two-way scale he then earned from CHI, so he is made whole and Memphis carries $6,343,013. The 10/2 reporting said the full amount and is stale by that $678,882"
2026-10-06,LAC,Johni Broome,2.150917,waived,"waived 9/24/26. $2,150,917, which is ABOVE the second-round range it was first guessed at; second-rounders are not on the rookie scale at all"
