# HoopsValue future FIRST-round pick ledger (2027-2033), deviations only:
# a team's own unencumbered first emits no row (defaults generated by
# scripts/build_pick_ledger.py). Compiled by 6 division research agents,
# cross-validated both directions + reconciled 2026-07-27. Sources per row.
# Maintain by hand as trades happen (same doctrine as real_signings).
# round: 1 (default) or 2. SECONDS appear ONLY when explicitly listed --
# no league-wide defaults are generated for round 2 (ownership unverified).
asof,year,origin,controlled_by,protection,swap_with,notes,source,round
2026-07-27,2027,ATL,SAS,,,"Traded outright, unprotected. RealGM: 'To SAN' (SAN is RealGM's notation for San Antonio; ledger standard is SAS). Spotrac shows SAS as recipient; Tankathon ATL page lists outgoing '14 SA Unprotected'.",RealGM https://basketball.realgm.com/nba/draft/future_drafts/team (re-verified live 2026-07-27); Spotrac https://www.spotrac.com/nba/draft/future; Tankathon /hawks,1
,2027,BKN,BKN,,HOU,"BKN retains unless HOU exercises its unprotected right to swap its own 2027 first for BKN's (favorable to HOU; from the 2021 James Harden trade). RealGM: 'Own or HOU (via HOU swap for BRK)'. HOU separately controls PHX's 2027 first via BKN, but that is no longer BKN capital.",RealGM https://basketball.realgm.com/nba/draft/future_drafts/team (re-verified live 2026-07-27); Spotrac https://www.spotrac.com/nba/draft/future (both show the swap),1
,2027,CLE,UTA,"Unprotected out of CLE; conveys in all scenarios. RealGM: 'Most favorable of CLE, MIN and UTH (cannot be 1-5) to MEM; second most favorable to UTH and least favorable to PHX (via UTH)' (the cannot-be-1-5 constraint applies to Utah's own pick, not Cleveland's)",,"Base obligation from the Donovan Mitchell trade (CLE 2027 first unprotected to UTA); Utah has committed the pick into a three-pick pool with its own and MIN's 2027 firsts: most favorable to MEM, second most favorable stays with UTA, least favorable to PHX. UTA holds the base right; CLE's actual pick lands with MEM, UTA, or PHX depending on relative draft position. Spotrac wording agrees.",RealGM https://basketball.realgm.com/nba/draft/future_drafts/team (re-verified live 2026-07-27); Spotrac https://www.spotrac.com/nba/draft/future,1
,2027,DAL,CHA,"top-2 protected (1-2 Own; 3-30 to CHA); if it lands 1-2, DAL keeps the pick and the obligation is settled by MIA's 2028 second-rounder going to CHA instead",,PJ Washington trade per Tankathon. All three sources agree. Fallback confirmed via RealGM MIA 2028 2nd: 'To DET if DAL conveys 1st round pick to CHA in 2027 or to CHA if DAL does not convey'.,RealGM + Spotrac + Tankathon (all agree),1
,2027,DEN,OKC,"1-5 Own; two most / more favorable of DEN 6-30, OKC and LAC to OKC",OKC,"Top-5 protected; if 6-30 it enters a three-pick pool with OKC's and LAC's own 2027 firsts: two most favorable to OKC; more favorable of (i) least favorable of DEN 6-30/OKC/LAC and (ii) TOR to LAC, then least favorable of all to TOR (via OKC swap of OKC or DEN for LAC; via LAC swap of DEN, OKC or LAC for TOR). Pick can land with OKC, LAC, or TOR. If 1-5, obligation rolls to 2028.",RealGM future_drafts; corroborated by Spotrac /nba/draft/future,1
,2027,HOU,HOU,,HOU,HOU itself holds an unprotected favorable swap right vs BRK (James Harden trade): 'Own or swap for BRK'. HOU's own first conveys to BRK only if HOU exercises. No outside team holds any right on HOU's pick.,RealGM + Spotrac + Tankathon (all agree),1
,2027,LAC,LAC,,OKC,"Unprotected, double swap-encumbered. RealGM: 'Two most / more favorable of LAC, DEN 6-30 and OKC to OKC; more favorable of (i) least / less favorable of LAC, DEN 6-30 and OKC and (ii) TOR to LAC then least favorable of all to TOR (via OKC swap of OKC or DEN for LAC; via LAC swap of LAC, DEN or OKC for TOR)'. OKC leg is unfavorable to LAC; the TOR leg (favorable to LAC) came in the July 2026 Kawhi Leonard trade. LAC's own pick can end with OKC, LAC or TOR. Spotrac shows the OKC leg only (predates the Kawhi trade).",RealGM (has TOR leg) + Spotrac (OKC leg only) + ESPN Kawhi Leonard trade report,1
,2027,LAL,MEM,"1-4 protected (LAL keeps); 5-30 to MEM (via UTA); if not conveyed, LAL instead conveys its 2027 second-round pick to MEM (that second otherwise goes to BKN)",,Originally top-4 protected to UTA (Feb 2023 D'Angelo Russell/Beasley/Vanderbilt three-team trade); UTA moved it to MEM (RealGM 'via UTH'; part of the UTA-MEM Jaren Jackson Jr. pick package per reporting). 2027 is the final year - the first-round obligation does not roll forward.,RealGM + Spotrac (agree),1
,2027,MIA,CHA,"1-14 Own (lottery protected); 15-30 to CHA; if not conveyed, the obligation rolls to MIA's 2028 first unprotected to CHA",,Conditional conveyance: CHA receives the pick only if MIA lands 15-30. Both sources identical ('1-14 Own; 15-30 to CHA').,RealGM https://basketball.realgm.com/nba/draft/future_drafts/team (re-verified live 2026-07-27); Spotrac https://www.spotrac.com/nba/draft/future,1
,2027,MIL,NOP,Unprotected out of MIL; conveys in all scenarios. RealGM (MIL page): 'More favorable of MIL and NOP to NOP then other to ATL if 5-30 or MIL and NOP to NOP if both 1-4 (via NOP)',,"Base obligation from the Jrue Holiday trade (MIL 2027 first unprotected to NOP). Via the Dejounte Murray trade, NOP owes ATL the LESS favorable of MIL/NOP 2027, which conveys to ATL only if it falls 5-30; if both picks land top-4, NOP keeps both and no source shows rollover compensation to ATL. MIL keeps nothing in any scenario; MIL's pick ends with NOP or ATL.",RealGM https://basketball.realgm.com/nba/draft/future_drafts/team (re-verified live 2026-07-27); Spotrac https://www.spotrac.com/nba/draft/future,1
,2027,MIN,UTA,Unprotected out of MIN; conveys in all scenarios,,"In a three-pick pool with CLE's and UTA's own 2027 firsts: most favorable of MIN, CLE and UTA (UTA cannot be 1-5) to MEM; second most favorable to UTA; least favorable to PHX (via UTA). UTA holds the base right; MIN's pick definitely conveys and lands with MEM, UTA or PHX depending on relative order. Spotrac: 'UTA - Second most favorable of CLE, MIN and UTA then others to MEM and PHX'.",RealGM https://basketball.realgm.com/nba/draft/future_drafts/team (re-verified live 2026-07-27); Spotrac https://www.spotrac.com/nba/draft/future,1
,2027,NOP,NOP,"Less favorable of NOP and MIL conveys to ATL only if it lands 5-30; if both NOP and MIL land 1-4, NOP keeps both picks",NOP (holds the favorable leg vs MIL),"NOP retains a first in all scenarios: it receives the more favorable of NOP and MIL (Jrue Holiday trade lineage), with the other going to ATL if 5-30 (Dejounte Murray trade). ATL's cross-claim is that conditional leg, not outright control. Tankathon: 'NO gets better of NO/MIL, ATL gets the other if outside top 4'. No source specifies rollover compensation for ATL if both land top-4. NOP 2028-2033 firsts are all clean.",RealGM https://basketball.realgm.com/nba/draft/future_drafts/team (re-verified live 2026-07-27); Spotrac https://www.spotrac.com/nba/draft/future; Tankathon,1
,2027,NYK,BKN,,,"Traded outright, unprotected (June 2024 Mikal Bridges trade). RealGM: 'To BRK'.",RealGM future drafts; Spotrac Future Picks; Tankathon 2027 order shows NYK pick encumbrance marker,1
,2027,OKC,OKC,,LAC,"OKC's own 2027 first sits in the same pool as DEN 6-30 and LAC: OKC keeps the two most / more favorable; if OKC's own is least favorable it can go to LAC via OKC's swap, and LAC can then swap whatever it holds with TOR (via LAC swap of DEN, OKC or LAC for TOR). OKC's own pick can land with LAC or TOR.","RealGM future_drafts; corroborated by Spotrac and Tankathon 2026 note ('OKC can swap OKC or DEN 1st (prot 1-5) to LAC, LAC can then swap with TOR' - same structure ran in 2026)",1
,2027,PHX,HOU,,,Unprotected; via BKN (2023 Kevin Durant trade to BKN; BKN sent it to HOU in the June 2024 BKN-HOU pick trade).,RealGM ('To HOU (via BRK)') + Spotrac (agree),1
,2027,SAS,SAC,1-16 to SAC; 17-30 to OKC (via SAC); conveys in all outcomes,,"Recipient split by range: SAC if 1-16, OKC if 17-30 (OKC's right runs via SAC, so SAC holds the base obligation). Side condition on seconds: if SAS lands 1-16, SAC's 2027 2nd goes to OKC; if 17-30, the CHA/SAC-chain 2nd compensation applies (Tankathon: 'OKC gets SA 1st if 17-30, otherwise gets SAC and CHA 2nd').",RealGM https://basketball.realgm.com/nba/draft/future_drafts/team (re-verified live 2026-07-27); Spotrac https://www.spotrac.com/nba/draft/future; Tankathon (all agree),1
,2027,TOR,TOR,,LAC,"PENDING TRADE: from the July 2026 Kawhi Leonard deal (agreed June 30; on hold during the NBA's Clippers/Aspiration cap-circumvention probe; the investigation phase reportedly concluded ~July 25 but penalties/arbitration and closing remain unresolved). Structure per RealGM, which books it: TOR ends with the least/less favorable of {TOR, LAC, DEN 6-30, OKC}; LAC receives the more favorable of (i) TOR and (ii) the pool's least/less favorable leg. TOR nets one first in all scenarios. Spotrac has NOT booked it (shows TOR clean). If the league voids the trade, TOR's pick reverts to unencumbered.",RealGM https://basketball.realgm.com/nba/draft/future_drafts/team (re-verified live 2026-07-27); hold: https://www.espn.com/nba/story/_/id/49317499/clippers-raptors-trade-involving-kawhi-leonard-hold-amid-probe and https://www.nba.com/news/raptors-clippers-kawhi-leonard-trade-on-hold; status: https://raptorsrepublic.com/2026/07/25/report-kawhi-leonards-investigations-have-concluded/,1
,2027,UTA,UTA,UTH cannot be 1-5 (own pick shielded from the MEM conveyance if top-5),,"UTA keeps the second most favorable of UTH (cannot be 1-5), CLE and MIN; most favorable to MEM and least favorable to PHX. UTA's own pick conveys to MEM if most favorable (and not 1-5) or to PHX if least favorable.",RealGM future_drafts; corroborated by Spotrac,1
,2027,WAS,WAS,,,"RealGM annotates 'Own (cannot be 1)' — a restriction annotation, not a trade obligation; Spotrac and Tankathon show the pick fully unencumbered. Provenance of the 'cannot be 1' note could not be verified (see caveats). Emitted only so the annotation is not silently dropped.","RealGM (annotation only) + Spotrac, fetched 2026-07-27",1
,2028,ATL,ATL,,ATL holds the favorable right: swap vs the less favorable of UTA and CLE; CLE receives the least favorable of all,Swap-encumbered; ATL retains a first in all scenarios (the least favorable of the set conveys to CLE). RealGM exact: 'More favorable of (i) ATL and (ii) less favorable of UTH and CLE then least favorable of all to CLE (via UTH swap for CLE; via ATL swap for CLE or UTH)'. Spotrac matches.,RealGM https://basketball.realgm.com/nba/draft/future_drafts/team (re-verified live 2026-07-27); Spotrac https://www.spotrac.com/nba/draft/future,1
,2028,BKN,BKN,,"WAS, NYK, PHX (pool swap web; WAS holds the least-favorable-of-pool swap, BKN holds its own swaps vs PHX and NYK)","BKN retains a first in all scenarios: its own pick sits in the four-pick pool {BKN, NYK, PHX, PHI 9-30} and BKN receives the most favorable (two most favorable in most scenarios). NYK receives back the least or second-most favorable of {BKN, NYK, PHX}; WAS may swap WAS for the least/less favorable of {BKN, PHI 9-30, PHX} (and can then swap onward with MIL); least favorable of all goes to PHX. BKN's own pick stays with BKN if it ranks high, else can end with NYK, WAS or PHX. RealGM rights chain: 'via BRK swap of BRK or PHL for PHX; via BRK swap of BRK or PHX for NYK; via WAS swap for PHX, BRK or PHL'.","RealGM https://basketball.realgm.com/nba/draft/future_drafts/team (re-verified live 2026-07-27, full scenario text); Spotrac https://www.spotrac.com/nba/draft/future (simplified but consistent)",1
,2028,BOS,BOS,1 Own; 2-30 Own or SAS (SAS swap applies only if BOS lands 2-30; No. 1 overall exempt),SAS,"Swap-encumbered; BOS retains a first in all scenarios. SAS holds the right to swap its 2028 first for BOS's if BOS lands 2-30. BOS then holds a second-layer swap right: it may swap the less favorable of BOS/SAS for the more favorable of PHI 1-8 and LAC 1-16 (or LAC 1-16 alone if PHI lands 9-30), with the least favorable of all going to PHI. Absent that swap, BOS receives LAC 17-30 outright. RealGM verbatim: '1 Own; 2-30 Own or SAN (via SAN swap for BOS) [BOS then has a complex swap right with PHL]'.",RealGM https://basketball.realgm.com/nba/draft/future_drafts/team (re-verified live 2026-07-27); Spotrac https://www.spotrac.com/nba/draft/future ('Or swap 2-30 with SAS'),1
,2028,CHA,CHA,,MIN (CHA holds the favorable right: 'Own or swap for MIN'; if exercised CHA's own conveys to MIN),Swap-encumbered in CHA's favor; no protection on the swap. Both sources identical ('Own or CHA (via CHA swap for MIN)' on MIN's row).,RealGM https://basketball.realgm.com/nba/draft/future_drafts/team (re-verified live 2026-07-27); Spotrac https://www.spotrac.com/nba/draft/future,1
,2028,CLE,CLE,,UTA (base swap from the Mitchell trade); ATL and LAL hold further legs in the chain,"Swap-encumbered chain of three rights; CLE retains a first but picks last among CLE/UTA/ATL. RealGM: 'Least favorable of CLE, UTH and ATL [to CLE]; most favorable of CLE, UTH and LAL to UTH; less favorable of (i) more favorable of CLE and UTH and (ii) LAL to LAL; more favorable of (i) ATL and (ii) less favorable of CLE and UTH to ATL (via UTH swap for CLE; via UTH swap of UTH or CLE for LAL; via ATL swap for CLE or UTH)'. Spotrac agrees on CLE's net: 'Least favorable of CLE, ATL and UTA'.",RealGM https://basketball.realgm.com/nba/draft/future_drafts/team (re-verified live 2026-07-27); Spotrac https://www.spotrac.com/nba/draft/future,1
,2028,DAL,DAL,,OKC,Unprotected swap: OKC holds the right to swap its own 2028 first for DAL's (favorable to OKC). RealGM: 'Own or OKC (via OKC swap for DAL)'. If exercised DAL receives OKC's 2028 first.,RealGM + Spotrac,1
,2028,DEN,OKC,1-5 Own; 6-30 to OKC if not already settled,,"Rollover of the 2027 obligation: conveys to OKC only if the 2027 first did not convey. If it again lands 1-5, see 2029 conditional; if DEN never conveys a first to OKC by 2029, OKC instead receives DEN's 2029 2nd-round pick (RealGM: 'To OKC if DEN has not conveyed a first potential 1st round pick to OKC by 2029'; CHA receives that 2nd if DEN HAS conveyed).",RealGM future_drafts; corroborated by Spotrac,1
,2028,LAC,BOS,,,Conveys in ALL scenarios (RealGM shows LAC keeping 0). RealGM: 'LAC 17-30 to BOS or [via swap from BOS] more favorable of (i) more favorable of LAC 1-16 and PHL 1-8 [or (i) LAC 1-16 if PHL 9-30] and (ii) less favorable of BOS and SAN to BOS then least favorable of all to PHL (via SAN swap for BOS; via BOS swap of BOS or SAN for LAC or PHL)'. So BOS in most scenarios; if LAC lands 1-16 the pick enters a BOS/SAS/PHI swap complex and can instead convey to PHI. Chain: to PHI unprotected in the Oct 2023 James Harden trade; Spotrac now shows 'BOS (via PHI)'.,RealGM + Spotrac (agree LAC keeps nothing; RealGM wording more precise),1
,2028,LAL,LAL,,UTA,"Swap-encumbered, unfavorable to LAL. RealGM: 'Less favorable of (i) LAL and (ii) more favorable of UTH and CLE; most favorable of LAL, UTH and CLE to UTH (via UTH swap for CLE; via UTH swap of UTH or CLE for LAL)'. UTA may substitute its own or its CLE-derived pick; LAL ends with the less favorable. Acquired by UTA in the July 2026 Walker Kessler sign-and-trade.",RealGM + Spotrac + Yahoo/CBS Kessler trade reports,1
,2028,MIA,CHA,"Unprotected in 2028, but conveys only if the 2027 first was not conveyed (i.e., MIA landed 1-14 in 2027); otherwise MIA keeps it outright",,Rollover leg of the CHA obligation. RealGM: 'To CHA if not already settled'; Spotrac: 'If MIA does not convey 1st to CHA in 2027'.,RealGM https://basketball.realgm.com/nba/draft/future_drafts/team (re-verified live 2026-07-27); Spotrac https://www.spotrac.com/nba/draft/future,1
,2028,MIL,MIL,,POR (base swap from the Lillard trade); WAS holds a second-layer right,"Swap-encumbered twice; MIL retains a first but takes the least favorable outcome of the chain. POR takes the more favorable of MIL/POR. RealGM: 'Less favorable of (i) less favorable of MIL and POR and (ii) more favorable of (a) WAS and (b) least / less favorable of BRK, PHL 9-30 and PHX then more favorable of (i) and (ii) to WAS (via POR swap for MIL; via WAS swap of WAS, BRK, PHL or PHX for MIL or POR)'. Spotrac WAS page agrees ('or swap for MIL or POR'). Fanspo lists only the POR swap; the WAS layer appears on both RealGM and Spotrac.",RealGM https://basketball.realgm.com/nba/draft/future_drafts/team (re-verified live 2026-07-27); Spotrac https://www.spotrac.com/nba/draft/future,1
,2028,MIN,MIN,,CHA,"Own or CHA: CHA holds the right to swap its own 2028 first for MIN's (via CHA swap for MIN), unprotected swap favorable to CHA.",RealGM future_drafts; corroborated by Spotrac,1
,2028,NYK,NYK,,BKN,"BKN holds an unprotected swap right (may swap BKN's or PHX's pick for NYK's) from the Bridges trade. NYK's own pick conveys to BKN if it ranks among the most favorable of the {BKN, NYK, PHX, PHI 9-30} pool; in every scenario NYK receives back a first, the least or second-most favorable of {BKN, NYK, PHX}. WAS's pool swap cannot take NYK's own pick directly. Spotrac: 'Or swap with BKN (via BKN swap for NYK)'.",RealGM https://basketball.realgm.com/nba/draft/future_drafts/team (re-verified live 2026-07-27); Spotrac https://www.spotrac.com/nba/draft/future,1
,2028,OKC,OKC,,DAL,"Own or swap for DAL: OKC holds the swap right (favorable to OKC); if exercised, OKC's own 2028 first goes to DAL and OKC takes DAL's (unprotected swap).",RealGM future_drafts; corroborated by Spotrac,1
,2028,ORL,POR,,,"Traded outright, unprotected: 'To POR (via MEM)' — originally owed to MEM, re-routed to POR. Both sources agree.","RealGM + Spotrac, fetched 2026-07-27",1
,2028,PHI,PHI,1-8 protected vs the BKN pool: PHI keeps 1-8 (unless BOS exercises its swap); if 9-30 the pick joins the BKN/NYK/PHX/WAS pool,BOS (vs PHI 1-8); BKN and WAS hold pool rights over PHI 9-30,"PHI nets exactly one 2028 first in all scenarios (RealGM count = 1), though possibly not its own. If PHI lands 1-8: BOS may swap the less favorable of {BOS, SAS} for the more favorable of {PHI 1-8, LAC 1-16}; least favorable of the whole set goes to PHI. If PHI lands 9-30: the pick enters the four-pick pool {BKN, NYK, PHX, PHI 9-30} and can end with BKN (most favorable scenarios), WAS (via WAS swap for PHX/BKN/PHI), NYK, or PHX. RealGM verbatim start: '1-8 Own if LAC 17-30; or [via swap from BOS] least favorable of (i) PHL 1-8, LAC 1-16, BOS and SAN or (ii) LAC 1-16, BOS and SAN...'. Spotrac: 'PHI If 1-8 or LAC or BOS... BKN If 9-30'.","RealGM https://basketball.realgm.com/nba/draft/future_drafts/team (re-verified live 2026-07-27, canonical detailed wording); Spotrac https://www.spotrac.com/nba/draft/future (consistent but looser)",1
,2028,PHX,PHX,,"BKN, WAS","Heavily swap-encumbered: PHX ends with the LEAST favorable of {PHX, PHI 9-30, WAS, BKN} (RealGM: 'Least favorable of PHX, PHL 9-30, WAS and BRK'). BKN swap from the 2023 KD trade (BKN may substitute its own or the PHI 9-30 pick); WAS swap from the 2023 Bradley Beal trade; NYK can also receive one of the pool picks via BKN's separate NYK swap. Chain: 'via BRK swap of BRK or PHL for PHX; via BRK swap of BRK or PHX for NYK; via WAS swap for PHX, BRK or PHL'.",RealGM + Spotrac (agree),1
,2028,POR,POR,,MIL,"Own or swap for MIL: POR holds the swap right (favorable to POR). RealGM adds '[WAS then has a complex swap right with MIL]' - the pick MIL ends up holding feeds a WAS/BKN/PHI/PHX swap web, so POR's own pick could ultimately sit with MIL or WAS.",RealGM future_drafts; corroborated by Spotrac,1
,2028,SAS,SAS,,SAS,"SAS holds a favorable swap right vs BOS: 'Own or swap for BOS 2-30' (dead if BOS lands No. 1 overall). If exercised, SAS's own pick goes to BOS, and BOS then holds a further complex 2028 swap with PHL/LAC on whichever pick it ends up with, so SAS's original could be rerouted to PHL or LAC.",RealGM + Spotrac,1
,2028,UTA,UTA,,,"UTA holds two swap rights (via UTH swap for CLE; via UTH swap of UTH or CLE for LAL) and keeps the most favorable of UTH, CLE and LAL; less favorable of UTH and CLE to CLE ('[CLE may convey UTH to ATL]' per RealGM, feeding ATL's swap right on CLE/UTH); UTA's own pick can end with CLE, ATL, or LAL. Rights are favorable to UTA.",RealGM future_drafts; corroborated by Spotrac,1
,2028,WAS,WAS,,"WAS holds the rights: 'via WAS swap for PHX, BRK or PHL' then 'via WAS swap of WAS, BRK, PHL or PHX for MIL or POR'; PHX receives the least favorable of WAS/PHI 9-30/BKN/PHX; MIL receives the less favorable of the second-layer comparison","Swap-encumbered; WAS retains a first but its own pick can convey to PHX or MIL depending on swap outcomes. RealGM exact: 'More favorable of (i) more favorable of (a) WAS and (b) least / less favorable of BRK, PHL 9-30 and PHX and (ii) less favorable of MIL and POR then less favorable of (i) and (ii) to MIL; least favorable of WAS, PHL 9-30, BRK and PHX to PHX'. Spotrac simplifies to 'Most Favorable of WAS and BKN, PHI 9-30 and PHX (via BKN and WAS swap for PHX) or swap for MIL or POR'; RealGM wording preferred.",RealGM https://basketball.realgm.com/nba/draft/future_drafts/team (re-verified live 2026-07-27); Spotrac https://www.spotrac.com/nba/draft/future,1
,2029,BOS,POR,Unprotected out of BOS; conveys in all scenarios (BOS keeps nothing),,"Traded away unprotected into a three-pick pool with MIL 2029 and POR 2029: POR receives the most favorable AND least favorable of {BOS, MIL, POR}; WAS receives the second-most favorable. BOS's own pick lands with POR or WAS depending on relative draft order. RealGM verbatim: 'Most and least favorable of BOS, POR and MIL to POR; second most favorable to WAS (via BOS to POR; via MIL to POR; via POR to WAS)'. Spotrac wording identical.",RealGM https://basketball.realgm.com/nba/draft/future_drafts/team (re-verified live 2026-07-27); Spotrac https://www.spotrac.com/nba/draft/future,1
,2029,CHA,CHA,,"MIN (CHA holds a complex right to swap CHA, CLE or UTA for MIN); PHX receives a least favorable pick if exercised","CHA retains its own first unless it exercises the complex MIN swap; if exercised, the least favorable of the swap set conveys to PHX. RealGM asterisk note: 'CHA will also have a complex swap right with MIN and PHX will receive a least favorable pick'. Spotrac PHX box: 'Least favorable of CHA or CLE, MIN 6-30 and UTA (via CHA swap to PHX)'. CHA separately receives the least/less favorable of UTA, CLE and MIN 6-30 (incoming view).",RealGM https://basketball.realgm.com/nba/draft/future_drafts/team (re-verified live 2026-07-27); Spotrac https://www.spotrac.com/nba/draft/future,1
,2029,CLE,UTA,"Unprotected out of CLE; conveys in all scenarios. RealGM: 'Most / two most favorable of CLE, UTH and MIN 6-30 to UTH; least / less favorable to CHA (via CLE and MIN to UTH; via UTH to PHX to CHA; via CHA swap of CHA, CLE or UTH for MIN)'",,Base obligation from the Donovan Mitchell trade (CLE 2029 first unprotected to UTA). Utah has rerouted the least/less favorable of the CLE/UTA/MIN-6-30 pool to CHA (via PHX). CLE's actual pick ends with UTA or CHA depending on relative position; MIN's leg only joins the pool if MIN falls 6-30 (MIN keeps 1-5). RealGM footnote: 'CHA will also have a complex swap right with MIN and PHX will receive a least favorable pick'.,RealGM https://basketball.realgm.com/nba/draft/future_drafts/team (re-verified live 2026-07-27); Spotrac https://www.spotrac.com/nba/draft/future,1
,2029,DAL,HOU,Unprotected out of DAL; conveys in all scenarios,,"Three-pick package: HOU receives the two most favorable of DAL, HOU and PHX; the least favorable of the three goes to BKN (via DAL and PHX to BKN; via HOU swap for DAL or PHX). DAL's pick lands with HOU unless it is the least favorable, then BKN. Spotrac has one mislabeled line ('BKN, DAL and PHX to HOU'); RealGM's DAL/HOU/PHX grouping is internally consistent and used here.","RealGM https://basketball.realgm.com/nba/draft/future_drafts/team (re-verified live 2026-07-27, primary); Spotrac https://www.spotrac.com/nba/draft/future",1
,2029,DEN,OKC,1-5 Own; 6-30 to OKC if not already settled; or 6-30 to OKC if DEN conveys a first potential 1st round pick to OKC in 2027,,"Dual condition: either the final rollover of obligation #1, OR the start of a SECOND first owed to OKC that activates if the first pick conveyed in 2027. Both sources use identical 'first potential 1st round pick' language, implying DEN owes OKC up to two top-5-protected firsts.",RealGM future_drafts; corroborated by Spotrac,1
,2029,HOU,HOU,,HOU,"HOU keeps the two most favorable of DAL, HOU and PHX (via HOU swap for DAL or PHX); HOU's own 2029 first goes to BRK only if it is the least favorable of the three. Conditional encumbrance, favorable to HOU.",RealGM (primary) + Spotrac,1
,2029,IND,LAC,,,"Unprotected. From the Ivica Zubac trade (Feb 2026 deadline): LAC sent Zubac to IND for Bennedict Mathurin, Isaiah Jackson, IND's 2026 first (protected 1-4 and 10-30) and IND's 2029 first unprotected (Shams: ""a 2029 Pacers unprotected first-rounder""). The 2026 leg already conveyed at No. 5 in the 2026 draft (LAC selected Keaton Wagler via IND), so the 2029 unprotected first is the only remaining leg. All of IND's other 2027-2033 firsts are clean on RealGM and Spotrac.",RealGM future_drafts/team (fetched 2026-07-27); Spotrac draft tracker + future picks; ESPN espn.com/nba/story/_/id/47840423; x.com/ShamsCharania/status/2019492382564098085,1
,2029,LAC,LAC,1-3 Own (swap does not apply); 4-30 Own or PHI,PHI,PHI holds a favorable swap right on LAC's 2029 first if it lands 4-30 (RealGM: '1-3 Own; 4-30 Own or PHL (via PHL swap for LAC)'; Spotrac: 'Or swap 4-30 with PHI'). From the James Harden trade. LAC also separately controls IND's 2029 first outright (see incoming view).,RealGM + Spotrac (agree),1
,2029,LAL,DAL,,,Unprotected; traded to DAL in the Feb 2025 Luka Doncic / Anthony Davis trade.,RealGM ('To DAL') + Spotrac (agree),1
,2029,MEM,MEM,,MEM,MEM holds a favorable swap right: 'Own or swap for ORL 3-30' (via MEM swap for ORL). Swap is dead if ORL lands 1-2 (ORL top-2 protected on the swap). MEM's own first conveys to ORL only if MEM exercises.,RealGM + Spotrac,1
,2029,MIL,POR,"Unprotected out of MIL; conveys in all scenarios. RealGM: 'Most and least favorable of MIL, BOS and POR to POR; second most favorable to WAS (via BOS to POR; via MIL to POR; via POR to WAS)'",,"Base obligation from the Damian Lillard trade (MIL 2029 first unprotected to POR). POR has pooled it with BOS's 2029 first and its own: POR keeps the most and least favorable of {MIL, BOS, POR}; WAS receives the second-most favorable. MIL's actual pick lands with POR or WAS depending on relative order; MIL keeps nothing.",RealGM https://basketball.realgm.com/nba/draft/future_drafts/team (re-verified live 2026-07-27); Spotrac https://www.spotrac.com/nba/draft/future,1
,2029,MIN,UTA,"1-5 Own; if 6-30, most / two most favorable of MIN 6-30, CLE and UTH to UTH then other to CHA",CHA,"Top-5 protected. If conveyed, enters UTA's pool (UTA keeps most / two most favorable of MIN 6-30/CLE/UTH; least to CHA); RealGM footnote: 'CHA will also have a complex swap right with MIN and PHX will receive a least favorable pick'. Fallback: if MIN does NOT convey the first to UTA in 2029, UTA instead receives MIN's 2029 2nd-round pick (and CHA gets that 2nd if MIN does convey).",RealGM future_drafts; corroborated by Spotrac,1
,2029,NYK,BKN,,,"Traded outright, unprotected (Bridges trade). RealGM: 'To BRK'.",RealGM future drafts; Spotrac Future Picks,1
,2029,ORL,ORL,Swap is top-2 protected: '1-2 Own; 3-30 Own or MEM (via MEM swap for ORL)'; ORL keeps outright if 1-2,MEM,MEM holds the right (unfavorable for ORL) on ORL 3-30; ORL retains unless MEM exercises. Both sources identical.,RealGM https://basketball.realgm.com/nba/draft/future_drafts/team (re-verified live 2026-07-27); Spotrac https://www.spotrac.com/nba/draft/future,1
,2029,PHI,PHI,,,"PHI-held favorable swap: PHI may swap its own 2029 first for LAC's if LAC lands 4-30 (LAC 1-3 exempt). No team holds a right against PHI; but if PHI exercises, PHI's own pick conveys to LAC. RealGM: 'Own or swap for LAC 4-30'.",RealGM future drafts; Spotrac Future Picks (both agree),1
,2029,PHX,HOU,,,"Unprotected, conveys in all scenarios; destination HOU or BKN by relative order. RealGM: 'Two most favorable of PHX, DAL and HOU to HOU then other to BRK (via DAL and PHX to BRK; via DAL or PHX to HOU; via HOU swap for DAL or PHX)'. Originally to BKN in the 2023 KD trade.",RealGM + Spotrac (agree),1
,2029,POR,POR,,WAS,"Three-pick pool: most and least favorable of POR, BOS and MIL stay with POR; second most favorable to WAS (via BOS to POR; via MIL to POR; via POR to WAS). POR nets two of the three picks; POR's own conveys to WAS only if it is the middle pick.",RealGM future_drafts; corroborated by Spotrac,1
,2029,UTA,UTA,,,"UTA keeps most / two most favorable of UTH, CLE and MIN 6-30; least / less favorable to CHA. UTA's own pick conveys to CHA if it is the least favorable of the pool. Footnote: CHA also holds a complex swap right with MIN, and PHX receives a least favorable pick from the CHA-MIN conveyance.",RealGM future_drafts; corroborated by Spotrac,1
,2030,CHA,CHA,,"MIN (complex CHA-held right; CHA can end up receiving MIN, SAS or DAL)","Swap-encumbered in CHA's favor. If exercised, CHA's own 2030 first enters the MIN/SAS/DAL chain. RealGM: 'CHA will have a complex swap right with MIN, receiving MIN, SAN or DAL'. Spotrac: 'Or swap for least favorable of DAL, MIN 2-30 and SAS (via CHA swap for MIN)'; Spotrac's MIN entry shows MIN receiving 'Least favorable of MIN 2-30, CHA, DAL and SAS'. Exact mechanics only sketched by both sources.",RealGM https://basketball.realgm.com/nba/draft/future_drafts/team (re-verified live 2026-07-27); Spotrac https://www.spotrac.com/nba/draft/future,1
,2030,DAL,DAL,,SAS,"Unprotected swap chain: SAS may swap its own 2030 first for DAL's ('Own or SAN via SAN swap for DAL'); SAS may additionally swap SAS-or-DAL for MIN 2-30, with the most/more favorable of all going to SAS and MIN possibly conveying its resulting pick to CHA. Net per Spotrac: DAL ends with the least favorable of DAL and SAS.",RealGM (primary) + Spotrac,1
,2030,DEN,OKC,1-5 Own; 6-30 to OKC if not already settled and if DEN has conveyed a first potential 1st round pick to OKC by 2028,,Rollover of the second OKC obligation (applies only if the first pick conveyed by 2028 and the second has not yet settled).,RealGM future_drafts; corroborated by Spotrac,1
,2030,GSW,MEM,"1-20 protected (GSW keeps 1-20); 21-30 conveys to MEM; if not conveyed in 2030, GSW instead conveys its 2030 second-round pick to MEM",,"Final settlement year is 2030 (no rollover of the first). Chain: GSW to WAS (2023 CP3/Jordan Poole trade), then per both trackers 'via WAS to DAL' ending with MEM. RealGM: '1-20 Own; 21-30 to MEM (via WAS to DAL)' plus 2nd-round line 'To MEM if GOS does not convey 1st round pick to MEM in 2030'. Only encumbered GSW first; 2027-2029 and 2031-2033 all owned clean.","RealGM future_drafts/team + Spotrac /nba/draft/future (both fetched 2026-07-27, agree)",1
,2030,LAL,LAL,,UTA,Unprotected swap right held by UTA (RealGM: 'Own or UTH (via UTH swap for LAL)'). From the July 2026 Walker Kessler sign-and-trade.,RealGM + Spotrac + Kessler trade reports,1
,2030,MEM,MEM,,MEM,"Three-team arrangement, MEM-held favorable right: MEM keeps the more favorable of (i) MEM and (ii) the less favorable of PHX and WAS; the least favorable of all three goes to PHX (via WAS swap for PHX; via MEM swap for PHX or WAS). MEM's own conveys to PHX only if MEM swaps out of it. Unprotected.",RealGM (primary) + Spotrac,1
,2030,MIA,MIA,,MIL (unfavorable for MIA: 'via MIL swap of MIL or POR for MIA'; upstream 'via POR swap for MIL'),"Swap-encumbered; MIA retains a first but ends with the least favorable of MIA, MIL and POR. RealGM exact: 'Least favorable of MIA, MIL and POR; more favorable of (i) MIA and (ii) less favorable MIL and POR to MIL (via POR swap for MIL; via MIL swap of MIL or POR for MIA)'. Spotrac: 'Or swap for least favorable of MIL and POR (via MIL swap for MIA)'. Unprotected. MIL's cross-claim is this swap right, not outright control.",RealGM https://basketball.realgm.com/nba/draft/future_drafts/team (re-verified live 2026-07-27); Spotrac https://www.spotrac.com/nba/draft/future,1
,2030,MIL,MIL,,POR (base swap); MIL holds an onward swap of the less favorable of MIL/POR vs MIA,"Two-layer swap; MIL retains a first in all scenarios. Layer 1 (Lillard trade): POR receives the more favorable of MIL/POR. Layer 2 (2026 Giannis Antetokounmpo trade): MIL may swap the less favorable of MIL/POR for MIA's 2030 first. RealGM: 'More favorable of (i) less favorable MIL and POR and (ii) MIA then least favorable of all to MIA; more favorable of MIL and POR to POR (via POR swap for MIL; via MIL swap of MIL or POR for MIA)'. Net: POR gets best of MIL/POR, MIL gets next-best of the remainder vs MIA, MIA gets the least favorable of all three; this can leave MIL better than default if MIA's pick is good.",RealGM https://basketball.realgm.com/nba/draft/future_drafts/team (re-verified live 2026-07-27); Spotrac https://www.spotrac.com/nba/draft/future; ESPN espn.com/nba/story/_/id/49149967,1
,2030,MIN,MIN,1 Own (protected for #1 overall only),SAS,"Less favorable of (i) MIN 2-30 and (ii) more favorable of SAS and DAL stays with MIN, then most / more favorable of all to SAS (via SAS swap for DAL; via SAS swap of SAS or DAL for MIN). RealGM footnote: 'CHA will have a complex swap right with MIN, receiving MIN, SAN or DAL'. Net effect: MIN keeps #1 if it lands there, otherwise ends with the least favorable of the MIN/SAS/DAL pool, further swappable by CHA.","RealGM future_drafts; corroborated by Spotrac ('Least favorable of MIN 2-30, CHA, DAL and SAS')",1
,2030,ORL,MEM,,,"Traded outright, unprotected ('To MEM'). Both sources agree.","RealGM + Spotrac, fetched 2026-07-27",1
,2030,PHX,PHX,,"WAS, MEM","PHX keeps the LEAST favorable of {PHX, WAS, MEM}. RealGM: 'more favorable of PHX and WAS to WAS; more favorable of (i) MEM and (ii) less favorable of PHX and WAS to MEM (via WAS swap for PHX; via MEM swap for PHX or WAS)'. WAS right from the 2023 Beal trade; MEM leg added in a later deal.",RealGM + Spotrac (agree),1
,2030,POR,POR,,MIL,"Own or swap for MIL (POR holds the right); then more favorable of (i) less favorable of MIL and POR and (ii) MIA goes to MIL, with least favorable of all to MIA (via POR swap for MIL; via MIL swap of MIL or POR for MIA). POR's own pick can land with MIL or MIA.",RealGM future_drafts; corroborated by Spotrac,1
,2030,SAS,SAS,,SAS,"SAS holds a two-layer favorable swap: SAS ends with the most/more favorable of SAS, DAL and MIN 2-30 (via SAN swap for DAL; via SAN swap of SAN or DAL for MIN); the less favorable of SAS/DAL goes to DAL, and MIN takes the least favorable of MIN 2-30 vs the better of SAS/DAL (MIN may convey its resulting pick to CHA). SAS's own conveys only if SAS exercises.",RealGM (primary) + Spotrac,1
,2030,UTA,UTA,,LAL,"Own or swap for LAL: UTA holds the swap right (favorable to UTA); if exercised, UTA's own 2030 first goes to LAL and UTA takes LAL's.",RealGM future_drafts; corroborated by Spotrac,1
,2030,WAS,WAS,,WAS holds a favorable right vs PHX ('via WAS swap for PHX'); MEM holds a right vs the less favorable of WAS/PHX ('via MEM swap for WAS or PHX'); PHX receives the least favorable of all,"Swap-encumbered; WAS keeps the more favorable of WAS and PHX; its own pick can convey to MEM or PHX. RealGM exact: 'More favorable of WAS and PHX; more favorable of (i) MEM and (ii) less favorable of WAS and PHX to MEM then least favorable of all to PHX (via WAS swap for PHX; via MEM swap for WAS or PHX)'. Spotrac condenses to 'Most favorable of WAS, MEM and PHX'.",RealGM https://basketball.realgm.com/nba/draft/future_drafts/team (re-verified live 2026-07-27); Spotrac https://www.spotrac.com/nba/draft/future,1
,2031,LAL,UTA,,,Unprotected; to UTA in the July 2026 Walker Kessler sign-and-trade (UTA received unprotected 2031 + 2033 firsts and 2028 + 2030 swaps).,RealGM + Spotrac + Kessler trade reports,1
,2031,MIA,MIL,,,"Traded outright, unprotected ('To MIL'). Both sources agree. Post-cutoff trade reflected on both live pages.","RealGM + Spotrac, fetched 2026-07-27",1
,2031,MIN,SAC,,,"Unprotected, owed to Sacramento (acquired via San Antonio; RealGM 'To SAC (via SAN)').",RealGM future_drafts; corroborated by Spotrac ('SAC (via SAS)'),1
,2031,NYK,BKN,,,"Traded outright, unprotected (Bridges trade). RealGM: 'To BRK'.",RealGM future drafts; Spotrac Future Picks,1
,2031,PHI,BOS,,,"Traded outright, unprotected. RealGM PHI row: 'To BOS'; BOS row: 'Own; PHL'.",RealGM future drafts; Spotrac Future Picks (both agree),1
,2031,PHX,MEM,,,"Unprotected; traded to UTA at the Feb 2025 deadline (for the least-favorable CLE/MIN/UTA 2025/2027/2029 picks), then UTA sent it to MEM (reported centerpiece of the UTA-MEM Jaren Jackson Jr. trade). RealGM: 'To MEM (via UTH)'.",RealGM + Spotrac + ESPN/B-R JJJ trade reporting,1
,2031,SAC,SAC,,SAS,"Unprotected swap right held by SAS (RealGM: 'Own or SAN (via SAN swap for SAC)'), from the Feb 2025 De'Aaron Fox three-team trade. SAC's only encumbered own first - 2027-2030, 2032, 2033 all owned clean.",RealGM + Spotrac (agree),1
,2031,SAS,SAS,,SAS,"SAS holds an unprotected favorable swap right vs SAC: 'Own or swap for SAC' (via SAS swap for SAC). SAS's own conveys to SAC only if SAS exercises. (Separately, SAC also owns MIN's 2031 first 'via SAS' - already traded on by SAS, so not current SAS capital.)",RealGM + Spotrac,1
,2031,TOR,LAC,,,Unprotected first owed to LAC in the Kawhi Leonard trade. PENDING TRADE: agreed June 30 but on hold during the NBA cap-circumvention probe (investigation phase concluded per July 25 reporting; resolution and any penalty still open). RealGM books it (TOR row 'To LAC'; LAC row 'Own; TOR'); Spotrac does not yet (shows TOR clean). Reverts to TOR if the trade is voided.,RealGM https://basketball.realgm.com/nba/draft/future_drafts/team (re-verified live 2026-07-27); hold: https://www.espn.com/nba/story/_/id/49317499/clippers-raptors-trade-involving-kawhi-leonard-hold-amid-probe; status: https://raptorsrepublic.com/2026/07/25/report-kawhi-leonards-investigations-have-concluded/,1
,2032,BOS,BOS,,,"No ownership deviation, but the pick is FROZEN (cannot be traded) through the 2027-28 season, a byproduct of the outstanding 2029 obligation. RealGM: 'Frozen (through 2027-28)'; Spotrac flags 'FROZEN PICK'. Included as a restriction, not an obligation.",RealGM future drafts; Spotrac Future Picks,1
,2032,DEN,BKN,,,"Unprotected, owed to Brooklyn outright (RealGM 'To BRK'; Spotrac shows BKN as sole owner of DEN 2032).",RealGM future_drafts; corroborated by Spotrac,1
,2032,MIN,MIN,,,"FROZEN pick: RealGM 'Frozen (through 2027-28)', Spotrac 'FROZEN PICK'. MIN retains it but cannot trade it until the freeze lifts.",RealGM future_drafts; corroborated by Spotrac,1
,2033,CLE,CLE,,,"Not traded, but FROZEN: RealGM lists CLE 2033 first as ""Frozen (through 2028-29)"" and Spotrac marks it ""FROZEN PICK"" - it cannot be traded until the conditional 2028/2029 obligations resolve. CLE still owns the pick; emitted only to capture the trade restriction.",RealGM future_drafts/team (fetched 2026-07-27); Spotrac spotrac.com/nba/draft/future,1
,2033,LAL,UTA,,,Unprotected; to UTA in the July 2026 Walker Kessler sign-and-trade. LAL's only clean own firsts 2027-2033 are 2032 and the 1-4 branch of 2027.,RealGM + Spotrac + Kessler trade reports,1
,2033,MIA,MIL,,,"Traded outright, unprotected ('To MIL'). Both sources agree (MIL also holds MIA's 2033 2nd).","RealGM + Spotrac, fetched 2026-07-27",1
,2033,MIN,CHA,,,"Unprotected, owed to Charlotte outright.",RealGM future_drafts; corroborated by Spotrac,1
,2033,PHX,CHA,,,Unprotected; to CHA per both trackers (reportedly part of PHX's 2026 Miles Bridges acquisition per CBS Sports). Note PHX 2032 own first is owned but FROZEN (untradeable) through 2027-28 - see caveats.,RealGM ('To CHA') + Spotrac + CBS Sports Bridges trade report,1
,2033,TOR,LAC,,,Unprotected first owed to LAC in the Kawhi Leonard trade (TOR also owes LAC 2033 and 2030 seconds). PENDING TRADE: agreed June 30 but on hold during the NBA cap-circumvention probe (investigation phase concluded per July 25 reporting; resolution and any penalty still open). RealGM books it (TOR row 'To LAC'; LAC row 'Own; TOR'); Spotrac does not yet. Reverts to TOR if the trade is voided.,RealGM https://basketball.realgm.com/nba/draft/future_drafts/team (re-verified live 2026-07-27); trade: https://www.nba.com/news/raptors-clippers-kawhi-leonard-trade-on-hold; status: https://raptorsrepublic.com/2026/07/25/report-kawhi-leonards-investigations-have-concluded/,1
# --- ROUND 2 (2027-2033): verified league-wide 2026-07-27 by a both-sides
# workflow (6 division agents reporting own-pick fates AND incoming holdings,
# cross-reconciled; 8 mismatches agent-resolved; all 120 traded seconds
# adversarially verified from the origin side, 119 confirmed + 1 corrected).
# Like firsts, only deviations and encumbered-but-kept picks are listed;
# unlisted (origin, year) seconds default to unencumbered own picks.
# Favorability webs (more/less favorable pools) ride in notes; swap_with is
# not used for seconds. Seconds are Stepien-exempt.
2026-07-27,2027,ATL,ATL,,,ATL keeps own if it lands 31-55; conveys to DAL if 56-60,https://basketball.realgm.com/nba/draft/future_drafts/team,2
,2028,ATL,BKN,,,unconditional; acquired by BKN via GSW,https://basketball.realgm.com/nba/draft/future_drafts/team,2
,2029,ATL,CHA,,,"more favorable of ATL and MIA seconds to CHA, less favorable to OKC (rights routed via OKC); ATL's own lands with CHA or OKC by favorability",https://basketball.realgm.com/nba/draft/future_drafts/team,2
,2030,ATL,OKC,,,"unconditional; sent to OKC in Aaron Wiggins trade (Jul 6, 2026)",https://www.spotrac.com/nba/atlanta-hawks/draft,2
,2031,ATL,OKC,,,"OKC receives more favorable of ATL and HOU 31-55 (or ATL outright if HOU lands 56-60), the other to HOU (via ATL swap right for HOU); ATL's own lands with OKC or HOU",https://basketball.realgm.com/nba/draft/future_drafts/team,2
,2032,ATL,OKC,,,"OKC acquired both ATL and LAL 2032 seconds in July 2026 (most favorable of ATL/LAL in 3-team deal, least favorable in Wiggins deal)",https://www.spotrac.com/nba/atlanta-hawks/draft,2
,2027,BKN,WAS,,,"WAS receives the more favorable of BKN and DAL 2027 2nds; MIL receives the less favorable (via DAL to BKN to DET to MIL; via DET to WAS; less-favorable leg moved DET-to-MIL in the 7/8/2026 six-team trade - Spotrac still shows DET), so BKN's own 2nd conveys to WAS or MIL",https://basketball.realgm.com/nba/teams/Brooklyn-Nets/38/draft-picks,2
,2027,BOS,UTA,,,"UTA receives the more favorable of BOS and ORL 2027 2nds; PHX receives the less favorable, so BOS's own 2nd conveys to UTA or PHX (via BOS to ORL to BOS to UTA; via ORL to CHA to PHX)",https://basketball.realgm.com/nba/teams/Boston-Celtics/2/draft-picks,2
,2028,BOS,NYK,31-45 protected vs NYK (obligation extinguished if 31-45); 46-60 protected vs SAS,,"Conveys to NYK only if it lands 46-60 (via ORL to PHX). If 31-45 AND BOS's 2028 1st lands No. 1 overall (voiding the SAS 1st-round swap), BOS instead conveys this 2nd to SAS protected 46-60; otherwise BOS keeps it",https://basketball.realgm.com/nba/teams/Boston-Celtics/2/draft-picks,2
,2029,BOS,OKC,,,Unprotected (BOS-OKC 2/9/2023),https://basketball.realgm.com/nba/teams/Boston-Celtics/2/draft-picks,2
,2030,BOS,BKN,,,Unprotected (via HOU 2/6/2025; to BKN in the ATL/BKN/GSW/HOU/LAL/MIN/PHX trade 7/6/2025),https://basketball.realgm.com/nba/teams/Boston-Celtics/2/draft-picks,2
,2031,BOS,UTA,,,Effective swap: UTA receives the more favorable of BOS and CLE 2031 2nds; BOS retains the less favorable (via CLE to ATL to BOS; BOS-UTA 8/6/2025),https://basketball.realgm.com/nba/teams/Boston-Celtics/2/draft-picks,2
,2027,CHA,OKC,,,to OKC if SAS 2027 1st lands 1-16; to SAC if SAS 1st lands 17-30 (via NYK to ATL to SAS to SAC),https://basketball.realgm.com/nba/draft/future_drafts/team,2
,2028,CHA,CHA,,,CHA retains more favorable of CHA and LAC seconds; less favorable to DET (DET may convey it onward to UTA) (via CHA to DAL),https://basketball.realgm.com/nba/draft/future_drafts/team,2
,2030,CHA,CHA,,,CHA keeps if 31-55; conveys to BOS if 56-60,https://basketball.realgm.com/nba/draft/future_drafts/team,2
,2027,CHI,OKC,,,"outright; via WAS to NOP to WAS to DAL, then to OKC in ATL-DAL-OKC trade 7/19/2026",https://basketball.realgm.com/nba/teams/Chicago-Bulls/4/draft-picks,2
,2028,CHI,CHI,,,"CHI keeps most favorable of CHI/IND/PHX (CHI swap right for IND or PHX, acquired from IND 6/24/2026); if CHI's own pick is not most favorable it conveys to IND (IND receives less favorable of (i) CHI and (ii) more favorable of IND/PHX); less favorable of IND/PHX to NYK",https://basketball.realgm.com/nba/teams/Chicago-Bulls/4/draft-picks,2
,2030,CHI,CHI,,,"CHI holds right to swap its own pick for IND's 2030 second (6/24/2026); if exercised, CHI's own pick conveys to IND",https://basketball.realgm.com/nba/teams/Chicago-Bulls/4/draft-picks,2
,2027,CLE,CHI,,,outright; via ATL to MIN to CHI,https://basketball.realgm.com/nba/teams/Cleveland-Cavaliers/5/draft-picks,2
,2028,CLE,UTA,,,outright (CLE-UTA 2/5/2026),https://basketball.realgm.com/nba/teams/Cleveland-Cavaliers/5/draft-picks,2
,2029,CLE,ATL,,,outright (ATL-CLE 2/6/2025),https://basketball.realgm.com/nba/teams/Cleveland-Cavaliers/5/draft-picks,2
,2030,CLE,SAS,,,outright (CLE-MIA-SAS 7/6/2023),https://basketball.realgm.com/nba/teams/Cleveland-Cavaliers/5/draft-picks,2
,2031,CLE,UTA,,,RealGM CLE 2031 second-round row: 'More favorable of CLE and BOS to UTH then other to BOS (via CLE to ATL to BOS).' UTA's right to the more favorable of BOS/CLE 2031 seconds came in the Feb 2026 Chris Boucher trade with Boston; Boston retains the less favorable of the two. CLE's pick reaches UTA only if it is the more favorable; otherwise it stays with BOS.; both-sides mismatch resolved by dedicated agent,https://basketball.realgm.com/nba/draft/future_drafts/team ; https://www.hoopsrumors.com/2026/02/celtics-to-trade-chris-boucher-to-jazz.html,2
,2032,CLE,UTA,,,outright (CLE-UTA 2/5/2026),https://basketball.realgm.com/nba/teams/Cleveland-Cavaliers/5/draft-picks,2
,2027,DAL,WAS,,,"More favorable of DAL and BKN seconds to WAS, less favorable to MIL (via DET; July 2026 six-team trade)",https://basketball.realgm.com/nba/draft/future_drafts/team,2
,2028,DAL,LAC,,,via SAC to IND,https://basketball.realgm.com/nba/draft/future_drafts/team,2
,2029,DAL,BKN,,,,https://basketball.realgm.com/nba/draft/future_drafts/team,2
,2030,DAL,BKN,,,via BOS to MEM,https://basketball.realgm.com/nba/draft/future_drafts/team,2
,2031,DAL,DET,,,"via PHI to DET to MEM, returned to DET (Isaiah Stewart trade); DET section confirms it currently holds",https://basketball.realgm.com/nba/draft/future_drafts/team,2
,2032,DAL,NYK,,,,https://basketball.realgm.com/nba/draft/future_drafts/team,2
,2033,DAL,WAS,,,,https://basketball.realgm.com/nba/draft/future_drafts/team,2
,2027,DEN,UTA,,,outright; reached UTA via CLE to CHI to BOS,https://basketball.realgm.com/nba/draft/future_drafts/team,2
,2028,DEN,WAS,31-33 protected (if it lands 31-33 DEN keeps it and the obligation to WAS is extinguished),,via SAS to SAC,https://fanspo.com/nba/teams/denver-nuggets/8/draft-picks,2
,2029,DEN,CHA,,,conveys to OKC instead if DEN has not conveyed its first-potential 1st-round pick to OKC by 2029,https://basketball.realgm.com/nba/draft/future_drafts/team,2
,2030,DEN,OKC,,,"pooled with HOU and MIA 2030 seconds: most favorable of DEN/HOU/MIA to MEM, two least favorable stay with OKC; DEN's pick routes via CHA to OKC if DEN's next 1st-round obligation to OKC conveys, else direct to OKC",https://basketball.realgm.com/nba/draft/future_drafts/team,2
,2031,DEN,CHI,,,via PHX to CHA,https://basketball.realgm.com/nba/draft/future_drafts/team,2
,2032,DEN,BKN,,,,https://basketball.realgm.com/nba/draft/future_drafts/team,2
,2028,DET,DET,Top-55 protected to PHL (conveys only if 56-60; obligation extinguished if not conveyed in 2028),,"From the 2/8/2024 Danuel House trade (Sixers sent House + a 2024 second to Detroit for this top-55 protected 2028 second). RealGM adds a July 2026 wrinkle: DET's retained 31-55 pick joins a basket with the less favorable of CHA/LAC, MIA (conditional) and NYK 2028 seconds, and the least favorable of those conveys to UTA. So PHL's ledger entry claiming the full DET 2028 second is wrong; DET's own claim is right for 31-55 except in the least-favorable-to-UTA scenario.; both-sides mismatch resolved by dedicated agent",https://basketball.realgm.com/nba/draft/future_drafts/team ; https://www.hoopsrumors.com/2024/02/sixers-to-trade-danuel-house-second-round-pick-to-pistons.html,2
,2029,DET,DET,,,DET keeps two most favorable of DET/MIL/NYK 2029 seconds; least favorable of the three to CHI (via SAC),https://basketball.realgm.com/nba/teams/Detroit-Pistons/8/draft-picks,2
,2030,DET,DET,Top-55 protected to LAC (conveys only if 56-60),,"From the 7/8/2026 six-team DAL/DET/MEM/LAC/MIL/WAS trade. HoopsRumors' finalized trade report lists it as 'The Pistons' 2030 second-round pick (top-55 protected)' to the Clippers. RealGM carries it only as 'DET heavily protected and unspecified 2nd round pick to LAC' (year unlisted, shown against 2033). An earlier pre-finalization HoopsRumors reconstruction called it a 2028 second; the finalized report (2030) should govern.; both-sides mismatch resolved by dedicated agent",https://www.hoopsrumors.com/2026/07/mavs-pistons-grizzlies-clippers-bucks-wizards-finalize-six-team-trade.html ; https://basketball.realgm.com/nba/draft/future_drafts/team,2
,2031,DET,OKC,,,outright (DET-OKC 7/6/2026),https://basketball.realgm.com/nba/teams/Detroit-Pistons/8/draft-picks,2
,2032,DET,DET,,,"reacquired from MEM (sent in Isaiah Stewart trade 6/24/2026, returned in six-team DAL/DET/LAC/MEM/MIL/WAS trade 7/8/2026)",https://basketball.realgm.com/nba/teams/Detroit-Pistons/8/draft-picks,2
,2027,GSW,PHI,,,PHI receives more favorable of GSW and PHX 2027 seconds; WAS receives less favorable (via WAS). GSW pick lands with PHI or WAS,https://basketball.realgm.com/nba/teams/Golden-State-Warriors/9/draft-picks,2
,2028,GSW,BOS,,,"BOS receives most favorable of GSW, MIL, OKC 2028 seconds; PHI receives the two least favorable (BOS-PHI trade 7/6/2026). GSW pick lands with BOS or PHI",https://basketball.realgm.com/nba/teams/Golden-State-Warriors/9/draft-picks,2
,2029,GSW,BKN,,,,https://basketball.realgm.com/nba/teams/Brooklyn-Nets/38/draft-picks,2
,2030,GSW,GSW,,,"Conveys to MEM only if GSW's top-20-protected 2030 first does not convey to MEM; kept if the first conveys (via WAS to DAL to MEM, 7/8/2026 six-team trade)",https://basketball.realgm.com/nba/teams/Memphis-Grizzlies/14/draft-picks,2
,2031,GSW,CHI,,,CHI receives more favorable of MIN and GSW 2031 seconds; DET receives less favorable (via MIN's right to swap for GSW). GSW pick lands with CHI or DET,https://basketball.realgm.com/nba/teams/Golden-State-Warriors/9/draft-picks,2
,2032,GSW,GSW,protected 31-50 (obligation to MEM extinguished if pick lands 31-50),,To MEM only if pick lands 51-60,https://basketball.realgm.com/nba/teams/Memphis-Grizzlies/14/draft-picks,2
,2027,HOU,PHI,,,"Four-team pool: most favorable of HOU, OKC, IND, MIA seconds to PHI; second most favorable to NOP; third to NYK; least favorable vs SAS's own second: SAS keeps more favorable, least favorable of all to MIA. HOU's own conveys per favorability (via HOU to DET to OKC to NYK to NOP)",https://basketball.realgm.com/nba/draft/future_drafts/team,2
,2028,HOU,CHA,,,part of Dorian Finney-Smith trade package to Charlotte,https://basketball.realgm.com/nba/draft/future_drafts/team,2
,2029,HOU,MEM,,,"via OKC to WAS to DAL; Spotrac still lists DAL as holder (lags the final DAL-to-MEM leg), RealGM HOU and MEM sections both say MEM",https://basketball.realgm.com/nba/draft/future_drafts/team,2
,2030,HOU,OKC,,,"most favorable of HOU, DEN, MIA seconds to MEM, other two to OKC (via OKC to MEM); HOU's own goes to MEM only if most favorable",https://basketball.realgm.com/nba/draft/future_drafts/team,2
,2031,HOU,OKC,Top-55 protected to BOS (conveys to BOS only if it lands 56-60),,OKC receives the more favorable of ATL and HOU 31-55 (or ATL if HOU lands 56-60) via ATL swap for HOU; HOU retains the less favorable; if HOU's pick falls 56-60 it goes to BOS; both-sides mismatch resolved by dedicated agent; controller corrected in verification,https://basketball.realgm.com/nba/draft/future_drafts/team ; https://www.hoopsrumors.com/2025/02/celtics-trading-jaden-springer-second-round-pick-to-rockets.html,2
,2032,HOU,CHI,,,"more favorable of HOU and PHX to CHI, other to PHX (via PHX to MIN); HOU's own goes to PHX if less favorable",https://basketball.realgm.com/nba/draft/future_drafts/team,2
,2033,HOU,CHA,,,part of Dorian Finney-Smith trade package to Charlotte,https://basketball.realgm.com/nba/draft/future_drafts/team,2
,2027,IND,PHI,,,"five-pick pool: PHI receives most favorable of IND/OKC/HOU/MIA, NOP second most, NYK third most; SAS receives more favorable of (i) SAS own and (ii) least favorable of the four; MIA receives least favorable of all five. IND's pick goes to one of PHI/NOP/NYK/SAS/MIA depending on ordering (PHI holds first claim); definitely not retained by IND",https://basketball.realgm.com/nba/teams/Indiana-Pacers/11/draft-picks,2
,2028,IND,IND,,,"CHI receives most favorable of CHI/IND/PHX (CHI swap right for IND or PHX, 6/24/2026); NYK receives less favorable of IND/PHX; IND retains the less favorable of (i) more favorable of IND/PHX and (ii) CHI, so IND's own pick stays only in some orderings",https://basketball.realgm.com/nba/teams/Indiana-Pacers/11/draft-picks,2
,2029,IND,IND,,,IND keeps more favorable of IND/WAS (effective swap); less favorable of the two to POR (via IND to NYK to POR),https://basketball.realgm.com/nba/teams/Indiana-Pacers/11/draft-picks,2
,2030,IND,IND,,,"CHI holds swap right (CHI-IND 6/24/2026); if exercised, IND's own pick conveys to CHI",https://basketball.realgm.com/nba/teams/Indiana-Pacers/11/draft-picks,2
,2031,IND,IND,,,"WAS receives more favorable of IND/MIA (MIA swap right for IND; via UTA to WAS); MEM receives more favorable of (i) MEM own and (ii) less favorable of IND/MIA (MEM swap right); IND ends with least favorable of IND/MIA/MEM, so IND's own pick conveys to WAS or MEM unless least favorable",https://basketball.realgm.com/nba/teams/Indiana-Pacers/11/draft-picks,2
,2027,LAC,UTA,,,"Outright (via ATL back to LAC, then LAC-MIA-UTA 7/7/2025)",https://basketball.realgm.com/nba/teams/Utah-Jazz/29/draft-picks,2
,2028,LAC,CHA,,,"CHA receives more favorable of LAC and CHA 2028 seconds; less favorable to DET, and DET may convey it onward to UTA (UTA receives least favorable of a DET/CHA-or-LAC/MIA/NYK group)",https://basketball.realgm.com/nba/teams/Utah-Jazz/29/draft-picks,2
,2029,LAC,SAS,,,Via PHI (LAC-OKC-PHI 11/1/2023; IND-PHI-SAS 2/8/2024),https://basketball.realgm.com/nba/teams/San-Antonio-Spurs/26/draft-picks,2
,2030,LAC,CHA,,,CHA receives more favorable of LAC and UTA 2030 seconds (via LAC to UTA). Sources conflict on the less favorable: UTA page says UTA keeps it; LAC page says it returns to LAC,https://basketball.realgm.com/nba/teams/Utah-Jazz/29/draft-picks,2
,2027,LAL,BKN,,,To BKN if LAL conveys its 2027 first (top-4 protected) to MEM in 2027; to MEM if the first does not convey (via UTA to MEM),https://basketball.realgm.com/nba/teams/Brooklyn-Nets/38/draft-picks,2
,2028,LAL,ORL,,,ORL receives more favorable of LAL and WAS 2028 seconds; WAS receives less favorable. LAL pick lands with ORL or WAS,https://basketball.realgm.com/nba/teams/Los-Angeles-Lakers/13/draft-picks,2
,2029,LAL,MEM,,,Via WAS (LAL-WAS 1/23/2023); moved to MEM in 7/8/2026 six-team trade,https://basketball.realgm.com/nba/teams/Memphis-Grizzlies/14/draft-picks,2
,2030,LAL,BKN,,,,https://basketball.realgm.com/nba/teams/Brooklyn-Nets/38/draft-picks,2
,2031,LAL,BKN,,,,https://basketball.realgm.com/nba/teams/Brooklyn-Nets/38/draft-picks,2
,2032,LAL,OKC,,,Via ATL (ATL-LAL 2/5/2026; ATL-OKC 7/6/2026; ATL-DAL-OKC 7/19/2026),https://basketball.realgm.com/nba/teams/Oklahoma-City-Thunder/33/draft-picks,2
,2027,MEM,CHA,,,via LAC to HOU; sent to Charlotte in the Finney-Smith package,https://basketball.realgm.com/nba/draft/future_drafts/team,2
,2028,MEM,BKN,,,via PHX,https://basketball.realgm.com/nba/draft/future_drafts/team,2
,2029,MEM,BKN,,,via PHX,https://basketball.realgm.com/nba/draft/future_drafts/team,2
,2030,MEM,MEM,Top-50 protected to MIN (conveys only if it lands 51-60),,"RealGM MEM 2030 second-round row: '31-50 Own; 51-60 to MIN.' RealGM's MIN incoming row reads 'MEM 51-60,' and the Timberwolves pick tracker (post-LaMelo Ball trade) lists it as '2030 (Via Memphis picks 51-60).' MIN's ledger entry with no condition is wrong - it omits the 51-60 conveyance window; MEM's unconditional 'own' claim omits the 51-60 tail.; both-sides mismatch resolved by dedicated agent",https://basketball.realgm.com/nba/draft/future_drafts/team ; https://dunkingwithwolves.com/updated-list-of-timberwolves-draft-picks-after-blockbuster-lamelo-ball-trade,2
,2031,MEM,MEM,,,MEM keeps more favorable of (i) own and (ii) less favorable of IND and MIA; least favorable of all three to IND (via MIA swap for IND; via MEM swap for IND or MIA),https://basketball.realgm.com/nba/draft/future_drafts/team,2
,2032,MEM,MEM,,,"three-team pool: most favorable of MEM, PHI, UTA stays with MEM; less favorable of (more favorable of MEM/PHI) and UTA to WAS; less favorable of MEM and PHI to PHI (via MEM swap for PHI; via UTA to WAS)",https://basketball.realgm.com/nba/draft/future_drafts/team,2
,2027,MIA,PHI,,,"five-pick favorability pool (MIA/OKC/HOU/IND/SAS): most favorable of MIA/OKC/HOU/IND to PHI, 2nd-most to NOP, 3rd-most to NYK; SAS receives more favorable of SAS and the least of those four; least favorable of all five to MIA. MIA's own currently projects to PHI (best of the four per Tankathon)",https://basketball.realgm.com/nba/draft/future_drafts/team,2
,2028,MIA,DET,,,to DET if DAL conveys a 1st-round pick to CHA in 2027; to CHA if DAL does not (DET may convey onward to UTA) (via SAS to DAL),https://basketball.realgm.com/nba/draft/future_drafts/team,2
,2029,MIA,CHA,,,"more favorable of MIA and ATL to CHA, less favorable to OKC (via OKC); MIA's own lands with CHA or OKC by favorability",https://basketball.realgm.com/nba/draft/future_drafts/team,2
,2030,MIA,OKC,,,"most favorable of MIA, DEN and HOU to MEM; the other two to OKC (via DEN to CHA to OKC or DEN to OKC; via OKC to MEM); MIA's own lands with MEM or OKC",https://basketball.realgm.com/nba/draft/future_drafts/team,2
,2031,MIA,WAS,,,"more favorable of MIA and IND to WAS; MEM keeps more favorable of MEM and the less favorable of MIA/IND; least favorable of all to IND (via MIA swap for IND; via UTA to WAS; via MEM swap); MIA's own lands with WAS, MEM or IND",https://basketball.realgm.com/nba/draft/future_drafts/team,2
,2032,MIA,BKN,,,unconditional,https://basketball.realgm.com/nba/draft/future_drafts/team,2
,2033,MIA,MIL,,,"unconditional; sent to MIL in Giannis Antetokounmpo trade (official Jul 6, 2026)",https://www.hoopsrumors.com/2026/06/bucks-to-trade-giannis-antetokounmpo-to-heat.html,2
,2027,MIL,MIL,,,"reacquired: had been traded via PHI to DET, returned to MIL in six-team DAL/DET/LAC/MEM/MIL/WAS trade 7/8/2026",https://basketball.realgm.com/nba/teams/Milwaukee-Bucks/16/draft-picks,2
,2028,MIL,PHI,,,BOS receives most favorable of MIL/GSW/OKC 2028 seconds; PHI receives the two least favorable; MIL's pick ends with BOS or PHI (via MIL to BKN to HOU to OKC to PHI; BOS-PHI 7/6/2026),https://basketball.realgm.com/nba/teams/Milwaukee-Bucks/16/draft-picks,2
,2029,MIL,DET,,,DET receives two most favorable of DET/MIL/NYK; least favorable of the three to CHI; MIL's pick ends with DET or CHI (via MIL to BKN to DET),https://basketball.realgm.com/nba/teams/Milwaukee-Bucks/16/draft-picks,2
,2030,MIL,ORL,,,outright (MIL-ORL 6/22/2023),https://basketball.realgm.com/nba/teams/Milwaukee-Bucks/16/draft-picks,2
,2031,MIL,CHA,,,outright (CHA-MIL 7/6/2025),https://basketball.realgm.com/nba/teams/Milwaukee-Bucks/16/draft-picks,2
,2032,MIL,CHA,,,outright (CHA-MIL 7/6/2025),https://basketball.realgm.com/nba/teams/Milwaukee-Bucks/16/draft-picks,2
,2027,MIN,POR,,,via HOU to OKC to NYK,https://basketball.realgm.com/nba/draft/future_drafts/team,2
,2028,MIN,DEN,,,via SAS,https://fanspo.com/nba/teams/minnesota-timberwolves/18/draft-picks,2
,2029,MIN,CHA,,,conveys to UTA instead if MIN does not convey its top-5-protected 2029 1st-round pick to the UTA group that year,https://basketball.realgm.com/nba/draft/future_drafts/team,2
,2030,MIN,OKC,,,via DET,https://basketball.realgm.com/nba/draft/future_drafts/team,2
,2031,MIN,CHI,,,"more favorable of MIN and GSW 2031 seconds to CHI, less favorable to DET; MIN holds the swap right for GSW",https://fanspo.com/nba/teams/minnesota-timberwolves/18/draft-picks,2
,2032,MIN,CHA,,,,https://basketball.realgm.com/nba/draft/future_drafts/team,2
,2033,MIN,CHA,,,,https://basketball.realgm.com/nba/draft/future_drafts/team,2
,2027,NOP,CHA,,,"more favorable of NOP and POR seconds to CHA, other to POR (POR may convey it to HOU if 56-60); NOP's own conveys per favorability (via NOP)",https://basketball.realgm.com/nba/draft/future_drafts/team,2
,2028,NOP,SAS,,,,https://basketball.realgm.com/nba/draft/future_drafts/team,2
,2029,NOP,SAS,,,,https://basketball.realgm.com/nba/draft/future_drafts/team,2
,2030,NOP,NOP,,,ORL holds swap right (via ORL swap for NOP),https://basketball.realgm.com/nba/draft/future_drafts/team,2
,2031,NOP,ORL,,,"RealGM NOP 2031 second-round row: 'More favorable of NOP and ORL to ORL then other to OKC (via ORL swap for NOP).' ORL holds a swap right on NOP's 2031 second (keeping the more favorable of the two), and the less favorable of NOP/ORL goes to OKC - the OKC leg comes from the Feb 2025 Daniel Theis salary-dump trade, where New Orleans sent OKC its 2031 second subject to the pre-existing Orlando swap.; both-sides mismatch resolved by dedicated agent",https://basketball.realgm.com/nba/draft/future_drafts/team ; https://www.si.com/nba/pelicans-trade-daniel-theis-draft-compensation-thunder,2
,2028,NYK,DET,,,Unprotected to DET (DET-NYK 2/8/2024); DET may convey onward to UTA - per Spotrac the least favorable of DET(31-55)/CHA/LAC/MIA/NYK 2028 2nds goes to UTA and Spotrac already lists UTA as holder,https://basketball.realgm.com/nba/teams/New-York-Knicks/20/draft-picks,2
,2029,NYK,DET,,,"DET receives the two most favorable of DET, MIL and NYK 2029 2nds; CHI receives the least favorable (via NYK to DET; via SAC to CHI), so NYK's own 2nd ends with DET or CHI - Spotrac projects CHI",https://basketball.realgm.com/nba/teams/New-York-Knicks/20/draft-picks,2
,2030,NYK,ATL,,,Unprotected (via POR 6/27/2024; ATL-POR 2/1/2026),https://basketball.realgm.com/nba/teams/New-York-Knicks/20/draft-picks,2
,2031,NYK,CHI,,,Unprotected (via CHA 10/2/2024; CHA-CHI 2/5/2026),https://basketball.realgm.com/nba/teams/New-York-Knicks/20/draft-picks,2
,2027,OKC,PHI,,,"favorability pool of OKC/HOU/IND/MIA 2027 seconds: most favorable to PHI, second-most to NOP, third-most to NYK; SAS receives more favorable of its own and the pool's least favorable, least of all to MIA (OKC's pick traded via OKC to PHI)",https://basketball.realgm.com/nba/draft/future_drafts/team,2
,2028,OKC,PHI,,,"most favorable of OKC/GSW/MIL 2028 seconds to BOS, other two to PHI (via OKC to PHI)",https://fanspo.com/nba/teams/oklahoma-city-thunder/21/draft-picks,2
,2033,OKC,MEM,,,"traded on 2026 draft night in the Bennett Stirtz deal (together with a 2034 second, outside this ledger's window)",https://lastwordonsports.com/basketball/2026/07/19/hawks-and-thunder-trade/,2
,2027,ORL,UTA,,,"RealGM ORL 2027 second-round row: 'More favorable of ORL and BOS to UTH then other to PHX (via BOS to ORL to BOS to UTH; via ORL to CHA to PHX).' Tankathon's Jazz page confirms: 'UTA gets best of BOS/ORL 2nd, PHX gets the other.' ORL's pick reaches UTA only if it is the more favorable of the ORL/BOS pair; otherwise it conveys to PHX.; both-sides mismatch resolved by dedicated agent",https://basketball.realgm.com/nba/draft/future_drafts/team ; https://www.tankathon.com/jazz,2
,2028,ORL,CHA,,,unconditional,https://basketball.realgm.com/nba/draft/future_drafts/team,2
,2029,ORL,ORL,,,conveys to MEM only if ORL's 2029 1st-round pick lands 1-2 (tied to the MEM swap on ORL's 2029 first); otherwise kept,https://basketball.realgm.com/nba/draft/future_drafts/team,2
,2030,ORL,ORL,,,subject to swap with NOP (RealGM: 'Own or swap for NOP'); ORL nets its own or NOP's 2030 second,https://basketball.realgm.com/nba/draft/future_drafts/team,2
,2031,ORL,ORL,,,ORL retains more favorable of ORL and NOP; less favorable conveys to OKC (via ORL swap for NOP); if ORL's own is less favorable it goes to OKC and ORL keeps NOP's,https://basketball.realgm.com/nba/draft/future_drafts/team,2
,2028,PHI,PHI,,,Conveys to BKN only if PHI's 2028 1st lands 1-8 (fallback of the 1-8 protected 1st owed BKN from 2/10/2022); otherwise PHI keeps,https://basketball.realgm.com/nba/teams/Philadelphia-Sixers/22/draft-picks,2
,2030,PHI,NYK,,,"Unprotected (to DAL 2/6/2025, then to NYK in the DAL-LAL-NYK-PHX draft-night trade 6/24/2026)",https://basketball.realgm.com/nba/teams/Philadelphia-Sixers/22/draft-picks,2
,2032,PHI,PHI,,,"MEM holds swap rights: MEM receives the most favorable of MEM, PHI and UTA 2032 2nds; PHI retains the less favorable of PHI and MEM; WAS receives the less favorable of (more favorable of MEM/PHI) and UTA (MEM-PHI 2/5/2026; UTA-WAS 6/25/2025; amended in 7/8/2026 six-team trade)",https://basketball.realgm.com/nba/teams/Philadelphia-Sixers/22/draft-picks,2
,2027,PHX,PHI,,,PHI receives more favorable of PHX and GSW 2027 seconds; WAS receives less favorable (via WAS). PHX pick lands with PHI or WAS,https://basketball.realgm.com/nba/teams/Phoenix-Suns/23/draft-picks,2
,2028,PHX,CHI,,,"CHI receives most favorable of PHX, IND, CHI 2028 seconds; IND receives less favorable of (more favorable of PHX/IND) and CHI; NYK receives least favorable of PHX and IND (via PHX to IND; CHI swap right 6/24/2026). PHX pick lands with CHI, IND, or NYK",https://basketball.realgm.com/nba/teams/Phoenix-Suns/23/draft-picks,2
,2029,PHX,NYK,,,From draft-night 6/24/2026 DAL-LAL-NYK-PHX trade (Koa Peat deal),https://www.nba.com/news/knicks-lakers-swap-picks-2026-nba-draft,2
,2030,PHX,BOS,,,"BOS receives most favorable of PHX, POR, WAS 2030 seconds; PHI receives less favorable of (more favorable of PHX/POR) and WAS; WAS receives least favorable of PHX and POR (via PHX and POR to WAS to PHI; BOS via 7/6/2026 BOS-PHI trade). PHX pick lands with BOS, PHI, or WAS",https://basketball.realgm.com/nba/teams/Phoenix-Suns/23/draft-picks,2
,2031,PHX,CHA,,,Outright (CHA-PHX 1/15/2025),https://basketball.realgm.com/nba/teams/Phoenix-Suns/23/draft-picks,2
,2032,PHX,CHI,,,Effective swap: CHI receives more favorable of HOU and PHX 2032 seconds; PHX retains the less favorable (via PHX to MIN; CHI-MIN 2/5/2026). PHX pick lands with CHI or stays with PHX,https://basketball.realgm.com/nba/teams/Phoenix-Suns/23/draft-picks,2
,2033,PHX,NYK,,,From draft-night 6/24/2026 DAL-LAL-NYK-PHX trade (Koa Peat deal),https://www.nba.com/news/knicks-lakers-swap-picks-2026-nba-draft,2
,2027,POR,CHA,HOU conveyance is top-55 protected (HOU receives the less favorable of POR/NOP only if it lands 56-60),,"RealGM: 'Less favorable of POR and NOP then other to CHA [POR may convey to HOU]; then less favorable of POR and NOP to HOU if 56-60 (via POR to NOP to CHA; via POR to BOS to HOU).' Tankathon matches exactly: 'CHA gets best of POR/NO 2nd' and 'HOU gets worse of POR/NO 2nd if it is pick 56-60' (Prot. 31-55). The HOU route runs via Boston from the 2/6/2025 Jaden Springer trade. HOU's ledger claim to the unconditional less-favorable pick is wrong (missing the 56-60 window); POR's 'own' claim is right only for the 31-55 less-favorable branch, and the origin could be NOP if NOP's pick is the less favorable one.; both-sides mismatch resolved by dedicated agent",https://basketball.realgm.com/nba/draft/future_drafts/team ; https://www.tankathon.com/trail-blazers,2
,2029,POR,MEM,,,via PHI to IND,https://basketball.realgm.com/nba/draft/future_drafts/team,2
,2030,POR,PHI,,,"pool of POR/PHX/WAS 2030 seconds (via PHX and POR to WAS to PHI): most favorable of the three to BOS; PHI receives the less favorable of (more favorable of POR/PHX) and WAS; WAS receives the less favorable of POR and PHX; POR's pick ends with BOS, PHI or WAS; PHI listed as base holder per the trade chain",https://basketball.realgm.com/nba/draft/future_drafts/team,2
,2027,SAC,SAC,,,Conveys (together with CHA's 2027 second) to OKC if SAS's 2027 first lands 1-16 and does not convey to SAC; kept if the SAS first conveys at 17-30,https://basketball.realgm.com/nba/teams/Sacramento-Kings/25/draft-picks,2
,2028,SAC,POR,,,Via CHI to SAC to MEM; MEM-POR 6/25/2025,https://basketball.realgm.com/nba/teams/Sacramento-Kings/25/draft-picks,2
,2029,SAC,NYK,,,Via WAS to HOU; HOU-NYK 6/24/2026,https://basketball.realgm.com/nba/teams/Sacramento-Kings/25/draft-picks,2
,2030,SAC,SAS,,,Via IND (IND-SAC 7/6/2023; IND-SAS 7/6/2025),https://basketball.realgm.com/nba/teams/San-Antonio-Spurs/26/draft-picks,2
,2031,SAC,DEN,,,Via SAS (SAC-SAS 10/15/2024; DEN-SAS 6/23/2026),https://basketball.realgm.com/nba/teams/Sacramento-Kings/25/draft-picks,2
,2032,SAC,CLE,,,CLE-SAC 6/24/2026,https://basketball.realgm.com/nba/teams/Sacramento-Kings/25/draft-picks,2
,2033,SAC,ATL,,,ATL-SAC 6/30/2026,https://basketball.realgm.com/nba/teams/Sacramento-Kings/25/draft-picks,2
,2027,SAS,SAS,,,"SAS keeps more favorable of (i) its own second and (ii) least favorable of OKC, HOU, IND, MIA seconds; least favorable of all goes to MIA (via MIA to OKC to UTA to SAS to MIA)",https://basketball.realgm.com/nba/draft/future_drafts/team,2
,2030,TOR,LAC,,,"Unprotected; part of the Kawhi Leonard trade (LAC-TOR, agreed ~7/1/2026, listed 'pending' on RealGM; Spotrac not yet updated and still shows TOR)",https://basketball.realgm.com/nba/teams/Toronto-Raptors/28/draft-picks,2
,2031,TOR,NOP,,,Unprotected (NOP-TOR 2/6/2025),https://basketball.realgm.com/nba/teams/Toronto-Raptors/28/draft-picks,2
,2032,TOR,BKN,,,Unprotected (BKN-LAC-TOR 2/5/2026),https://basketball.realgm.com/nba/teams/Toronto-Raptors/28/draft-picks,2
,2033,TOR,LAC,,,"Unprotected; part of the Kawhi Leonard trade (LAC-TOR, agreed ~7/1/2026, listed 'pending' on RealGM; Spotrac not yet updated and still shows TOR)",https://basketball.realgm.com/nba/teams/Toronto-Raptors/28/draft-picks,2
,2027,UTA,IND,,,via CLE,https://fanspo.com/nba/teams/utah-jazz/29/draft-picks,2
,2028,UTA,OKC,,,,https://fanspo.com/nba/teams/utah-jazz/29/draft-picks,2
,2030,UTA,UTA,,,"UTA retains the less favorable of UTA and LAC 2030 seconds; the more favorable of the pair goes to CHA (swap-style right, via LAC to UTA)",https://fanspo.com/nba/teams/utah-jazz/29/draft-picks,2
,2032,UTA,WAS,,,MEM holds swap rights: most favorable of UTA/MEM/PHI 2032 seconds to MEM; WAS receives the less favorable of UTA and the more favorable of MEM/PHI (via UTA to WAS),https://basketball.realgm.com/nba/draft/future_drafts/team,2
,2027,WAS,NYK,,,unconditional (via HOU to OKC to NYK),https://basketball.realgm.com/nba/draft/future_drafts/team,2
,2028,WAS,WAS,,,WAS retains less favorable of WAS and LAL; more favorable conveys to ORL (via WAS to LAL to ORL; via LAL to WAS); WAS's own goes to ORL if it is the more favorable,https://basketball.realgm.com/nba/draft/future_drafts/team,2
,2029,WAS,IND,,,more favorable of WAS and IND to IND; the other to POR (via IND to NYK); WAS's own lands with IND or POR,https://basketball.realgm.com/nba/draft/future_drafts/team,2
,2030,WAS,BOS,,,most favorable of WAS/PHX/POR to BOS; PHI receives less favorable of WAS and the more favorable of PHX/POR; WAS keeps less favorable of PHX/POR; WAS's own lands with BOS or PHI,https://basketball.realgm.com/nba/draft/future_drafts/team,2
,2031,WAS,LAL,,,"unconditional; sent to LAL in Deandre Ayton trade (official Jul 7, 2026)",https://www.hoopsrumors.com/2026/07/lakers-trading-deandre-ayton-to-wizards.html,2
,2032,WAS,LAL,,,"unconditional; sent to LAL in Deandre Ayton trade (official Jul 7, 2026)",https://www.hoopsrumors.com/2026/07/lakers-trading-deandre-ayton-to-wizards.html,2
,2033,WAS,MEM,,,"unconditional; sent to MEM (with D'Angelo Russell) in the six-team trade (official Jul 8, 2026)",https://www.hoopsrumors.com/2026/07/mavs-pistons-grizzlies-clippers-bucks-wizards-finalize-six-team-trade.html,2
